Stazione;xtime;hour;Parm;Aver;SWrd;MinT;Min;MaxT;Max;Sigma;Samp;is_dup
Partinico;2015-08-30 00:00:00;0;O3;NA;;;NA;;NA;NA;NA;FALSE
Partinico;2015-08-30 01:00:00;1;O3;47,3115048;80400000;00:59;31,36449225;00:21;59,66995125;7,47099371;720;FALSE
Partinico;2015-08-30 02:00:00;2;O3;35,17326645;80400000;01:05;24,73039905;01:55;50,38222875;6,60386097;720;FALSE
Partinico;2015-08-30 03:00:00;3;O3;51,21206895;80400000;02:21;34,0181415;02:56;60,33336855;6,5858561;720;FALSE
Partinico;2015-08-30 04:00:00;4;O3;48,33300465;81400000;03:56;23,62473015;03:09;57,01628205;6,60806244;720;FALSE
Partinico;2015-08-30 05:00:00;5;O3;NA;;;NA;;NA;NA;NA;FALSE
Partinico;2015-08-30 06:00:00;6;O3;42,25156635;C0400000;05:59;0;05:33;52,6626135;6,87819741;719;FALSE
Partinico;2015-08-30 07:00:00;7;O3;44,2905561;80400000;06:02;25,61103195;06:59;69,59735055;10,55142333;720;FALSE
Partinico;2015-08-30 08:00:00;8;O3;61,63793895;80400000;07:00;20,33266095;07:16;77,29493835;8,76335072;720;FALSE
Partinico;2015-08-30 09:00:00;9;O3;63,26849235;80400000;08:30;40,3464411;08:53;79,27433745;8,38560944;720;FALSE
Partinico;2015-08-30 10:00:00;10;O3;72,6049128;80400000;09:31;60,58015005;09:56;83,2331157;5,51195159;720;FALSE
Partinico;2015-08-30 11:00:00;11;O3;79,59138285;80400000;10:13;66,9581451;10:47;90,93072345;4,91956826;720;FALSE
Partinico;2015-08-30 12:00:00;12;O3;92,50717245;80400000;11:39;79,4942463;11:58;104,7863775;5,33540406;720;FALSE
Partinico;2015-08-30 13:00:00;13;O3;93,71498535;80400000;12:06;48,70383525;12:35;104,5664487;6,30389676;720;FALSE
Partinico;2015-08-30 14:00:00;14;O3;85,3972917;80400000;13:26;74,21589525;13:05;95,1093906;4,96424828;720;FALSE
Partinico;2015-08-30 15:00:00;15;O3;86,24829885;80400000;14:55;76,41522315;14:25;93,7898178;3,6611861;720;FALSE
Partinico;2015-08-30 16:00:00;16;O3;80,37154755;80400000;15:31;73,7760177;15:58;87,191874;2,81599437;720;FALSE
Partinico;2015-08-30 17:00:00;17;O3;81,5216052;80400000;16:01;74,6557728;16:38;88,95132435;2,40146928;720;FALSE
Partinico;2015-08-30 18:00:00;18;O3;81,8243265;80400000;17:56;75,97536555;17:12;86,97192525;2,29594376;720;FALSE
Partinico;2015-08-30 19:00:00;19;O3;53,1968745;80400000;18:49;34,6282125;18:02;81,6935742;11,3561405;720;FALSE
Partinico;2015-08-30 20:00:00;20;O3;47,47710975;80400000;19:26;37,9271844;19:26;101,26749675;4,71221993;720;FALSE
Partinico;2015-08-30 21:00:00;21;O3;51,093147;80400000;20:05;43,20553545;20:42;57,06124935;2,73431109;720;FALSE
Partinico;2015-08-30 22:00:00;22;O3;50,37716145;80400000;21:21;42,7656978;21:46;57,06124935;3,13962527;720;FALSE
Partinico;2015-08-30 23:00:00;23;O3;51,54798705;80400000;22:50;45,62479215;22:42;59,48046615;2,43838875;720;FALSE
Partinico;2015-08-31 00:00:00;0;O3;NA;NA;;NA;;NA;NA;NA;FALSE
Partinico;2015-08-31 00:00:00;0;O3;49,6492458;80400000;23:41;38,58699075;23:27;59,92036365;3,94902071;720;FALSE
Partinico;2015-08-31 01:00:00;1;O3;53,1377826;80400000;00:37;40,3464411;00:51;59,04060855;3,75972912;710;FALSE
Partinico;2015-08-31 01:00:00;1;O3;53,1377826;80400000;00:37;40,3464411;00:51;59,04060855;3,75972912;710;TRUE
Partinico;2015-08-31 02:00:00;2;O3;49,36669395;80400000;01:31;42,1058715;01:57;59,04060855;3,54122276;720;FALSE
Partinico;2015-08-31 02:00:00;2;O3;49,36669395;80400000;01:31;42,1058715;01:57;59,04060855;3,54122276;720;TRUE
Partinico;2015-08-31 03:00:00;3;O3;52,9020933;80400000;02:08;34,40826375;02:24;57,72103575;3,49970681;720;FALSE
Partinico;2015-08-31 03:00:00;3;O3;52,9020933;80400000;02:08;34,40826375;02:24;57,72103575;3,49970681;720;TRUE
Partinico;2015-08-31 04:00:00;4;O3;49,4781945;81400000;03:27;38,58699075;03:48;57,94096455;3,22589106;720;FALSE
Partinico;2015-08-31 04:00:00;4;O3;49,4781945;81400000;03:27;38,58699075;03:48;57,94096455;3,22589106;720;TRUE
Partinico;2015-08-31 05:00:00;5;O3;NA;NA;;NA;;NA;NA;NA;FALSE
Partinico;2015-08-31 05:00:00;5;O3;NA;;;NA;;NA;NA;NA;FALSE
Partinico;2015-08-31 06:00:00;6;O3;24,6509382;80400000;06:00;15,3559958;05:44;34,00256055;4,18090155;720;FALSE
Partinico;2015-08-31 06:00:00;6;O3;24,6509382;80400000;06:00;15,3559958;05:44;34,00256055;4,18090155;720;TRUE
Partinico;2015-08-31 07:00:00;7;O3;26,57134515;80400000;06:14;8,33611149;06:51;50,89414575;9,93321672;720;FALSE
Partinico;2015-08-31 07:00:00;7;O3;26,57134515;80400000;06:14;8,33611149;06:51;50,89414575;9,93321672;720;TRUE
Partinico;2015-08-31 08:00:00;8;O3;47,9076507;80400000;07:12;21,05963895;07:45;73,70876625;14,42651133;720;FALSE
Partinico;2015-08-31 08:00:00;8;O3;47,9076507;80400000;07:12;21,05963895;07:45;73,70876625;14,42651133;720;TRUE
Partinico;2015-08-31 09:00:00;9;O3;75,9948168;80400000;08:44;42,55803825;08:45;103,1045127;11,50513707;720;FALSE
Partinico;2015-08-31 09:00:00;9;O3;75,9948168;80400000;08:44;42,55803825;08:45;103,1045127;11,50513707;720;TRUE
Partinico;2015-08-31 10:00:00;10;O3;71,6993823;80400000;09:13;13,82039642;09:44;122,40921;12,48455439;720;FALSE
Partinico;2015-08-31 10:00:00;10;O3;71,6993823;80400000;09:13;13,82039642;09:44;122,40921;12,48455439;720;TRUE
Partinico;2015-08-31 11:00:00;11;O3;73,5486276;80400000;10:30;51,7716066;10:58;93,23283375;7,85994888;685;FALSE
Partinico;2015-08-31 11:00:00;11;O3;73,5486276;80400000;10:30;51,7716066;10:58;93,23283375;7,85994888;685;TRUE
Partinico;2015-08-31 12:00:00;12;O3;92,4656565;80400000;11:48;68,22447135;11:49;118,6799166;10,75749486;686;FALSE
Partinico;2015-08-31 12:00:00;12;O3;92,4656565;80400000;11:48;68,22447135;11:49;118,6799166;10,75749486;686;TRUE
Partinico;2015-08-31 13:00:00;13;O3;96,9551247;80400000;12:08;57,4752717;12:09;116,70556485;7,53807758;720;FALSE
Partinico;2015-08-31 13:00:00;13;O3;96,9551247;80400000;12:08;57,4752717;12:09;116,70556485;7,53807758;720;TRUE
Partinico;2015-08-31 14:00:00;14;O3;80,7432759;80400000;13:33;59,6690136;13:05;102,66579225;9,1088508;720;FALSE
Partinico;2015-08-31 14:00:00;14;O3;80,7432759;80400000;13:33;59,6690136;13:05;102,66579225;9,1088508;720;TRUE
Partinico;2015-08-31 15:00:00;15;O3;65,2215375;80400000;14:35;52,4297571;14:44;74,586267;4,82773242;720;FALSE
Partinico;2015-08-31 15:00:00;15;O3;65,2215375;80400000;14:35;52,4297571;14:44;74,586267;4,82773242;720;TRUE
Partinico;2015-08-31 16:00:00;16;O3;57,18278475;80400000;15:44;46,0679814;15:23;66,46950975;4,2371426;720;FALSE
Partinico;2015-08-31 16:00:00;16;O3;57,18278475;80400000;15:44;46,0679814;15:23;66,46950975;4,2371426;720;TRUE
Partinico;2015-08-31 17:00:00;17;O3;45,80474115;80400000;16:46;33,7831704;16:04;60,7658646;5,01183102;720;FALSE
Partinico;2015-08-31 17:00:00;17;O3;45,80474115;80400000;16:46;33,7831704;16:04;60,7658646;5,01183102;720;TRUE
Partinico;2015-08-31 18:00:00;18;O3;45,59937585;80400000;17:30;30,053877;17:46;55,2815697;5,56466148;720;FALSE
Partinico;2015-08-31 18:00:00;18;O3;45,59937585;80400000;17:30;30,053877;17:46;55,2815697;5,56466148;720;TRUE
Partinico;2015-08-31 19:00:00;19;O3;50,3143389;80400000;18:00;35,75752215;18:48;58,57214265;4,6845792;720;FALSE
Partinico;2015-08-31 19:00:00;19;O3;50,3143389;80400000;18:00;35,75752215;18:48;58,57214265;4,6845792;720;TRUE
Partinico;2015-08-31 20:00:00;20;O3;53,7091107;80400000;19:34;40,58366655;19:18;60,7658646;3,92827869;720;FALSE
Partinico;2015-08-31 20:00:00;20;O3;53,7091107;80400000;19:34;40,58366655;19:18;60,7658646;3,92827869;720;TRUE
Partinico;2015-08-31 21:00:00;21;O3;58,03588665;80400000;20:41;51,33288615;20:32;65,592009;2,76470093;720;FALSE
Partinico;2015-08-31 21:00:00;21;O3;58,03588665;80400000;20:41;51,33288615;20:32;65,592009;2,76470093;720;TRUE
Partinico;2015-08-31 22:00:00;22;O3;60,51846465;80400000;21:34;51,7716066;21:48;67,56636075;2,83605809;720;FALSE
Partinico;2015-08-31 22:00:00;22;O3;60,51846465;80400000;21:34;51,7716066;21:48;67,56636075;2,83605809;720;TRUE
Partinico;2015-08-31 23:00:00;23;O3;60,9188013;80400000;22:12;53,0878677;22:48;68,0051211;3,33567791;720;FALSE
Partinico;2015-08-31 23:00:00;23;O3;60,9188013;80400000;22:12;53,0878677;22:48;68,0051211;3,33567791;720;TRUE
Partinico;2015-09-01 00:00:00;0;O3;62,7472188;80400000;00:00;50,67477555;23:05;69,3213423;3,18228435;720;FALSE
Partinico;2015-09-01 00:00:00;0;O3;NA;NA;;NA;;NA;NA;NA;FALSE
Partinico;2015-09-01 00:00:00;0;O3;62,7472188;80400000;00:00;50,67477555;23:05;69,3213423;3,18228435;720;TRUE
Partinico;2015-09-01 01:00:00;1;O3;59,2223331;80400000;00:12;3,50994116;00:12;77,2187094;6,03835827;720;FALSE
Partinico;2015-09-01 01:00:00;1;O3;59,2223331;80400000;00:12;3,50994116;00:12;77,2187094;6,03835827;720;TRUE
Partinico;2015-09-01 02:00:00;2;O3;58,3198749;80400000;01:57;49,5779046;01:27;67,1276403;3,36129969;720;FALSE
Partinico;2015-09-01 02:00:00;2;O3;58,3198749;80400000;01:57;49,5779046;01:27;67,1276403;3,36129969;720;TRUE
Partinico;2015-09-01 03:00:00;3;O3;56,33546835;80400000;02:25;50,01666495;02:42;63,61769715;2,88378846;720;FALSE
Partinico;2015-09-01 03:00:00;3;O3;56,33546835;80400000;02:25;50,01666495;02:42;63,61769715;2,88378846;720;TRUE
Partinico;2015-09-01 04:00:00;4;O3;51,6521859;81400000;03:40;35,9768724;03:52;62,9595666;6,69899055;720;FALSE
Partinico;2015-09-01 04:00:00;4;O3;51,6521859;81400000;03:40;35,9768724;03:52;62,9595666;6,69899055;720;TRUE
Partinico;2015-09-01 05:00:00;5;O3;NA;NA;;NA;;NA;NA;NA;FALSE
Partinico;2015-09-01 05:00:00;5;O3;NA;NA;;NA;;NA;NA;NA;TRUE
Partinico;2015-09-01 06:00:00;6;O3;12,07102082;80400000;05:38;1,35478256;05:08;32,0290866;8,0554908;720;FALSE
Partinico;2015-09-01 06:00:00;6;O3;12,07102082;80400000;05:38;1,35478256;05:08;32,0290866;8,0554908;720;TRUE
Partinico;2015-09-01 07:00:00;7;O3;18,51506633;80400000;06:01;3,10760153;06:54;37,28756745;7,11203735;720;FALSE
Partinico;2015-09-01 07:00:00;7;O3;18,51506633;80400000;06:01;3,10760153;06:54;37,28756745;7,11203735;720;TRUE
Partinico;2015-09-01 08:00:00;8;O3;55,11612435;80400000;07:00;5,73682998;07:51;75,84960075;16,99319654;720;FALSE
Partinico;2015-09-01 08:00:00;8;O3;55,11612435;80400000;07:00;5,73682998;07:51;75,84960075;16,99319654;720;TRUE
Partinico;2015-09-01 09:00:00;9;O3;74,03893875;80400000;08:20;43,203321;08:42;91,1867418;10,32304571;720;FALSE
Partinico;2015-09-01 09:00:00;9;O3;74,03893875;80400000;08:20;43,203321;08:42;91,1867418;10,32304571;720;TRUE
Partinico;2015-09-01 10:00:00;10;O3;85,82759325;80400000;09:46;61,1697324;09:38;107,40032625;6,91479968;720;FALSE
Partinico;2015-09-01 10:00:00;10;O3;85,82759325;80400000;09:46;61,1697324;09:38;107,40032625;6,91479968;720;TRUE
Partinico;2015-09-01 11:00:00;11;O3;76,38062985;80400000;10:20;58,3213911;10:12;87,68110785;6,38391821;720;FALSE
Partinico;2015-09-01 11:00:00;11;O3;76,38062985;80400000;10:20;58,3213911;10:12;87,68110785;6,38391821;720;TRUE
Partinico;2015-09-01 12:00:00;12;O3;75,40347885;80400000;11:10;62,7034485;11:14;88,5575313;5,42079006;720;FALSE
Partinico;2015-09-01 12:00:00;12;O3;75,40347885;80400000;11:10;62,7034485;11:14;88,5575313;5,42079006;720;TRUE
Partinico;2015-09-01 13:00:00;13;O3;75,50889465;80400000;12:49;61,82702505;13:00;87,9002187;5,33206842;719;FALSE
Partinico;2015-09-01 13:00:00;13;O3;75,50889465;80400000;12:49;61,82702505;13:00;87,9002187;5,33206842;719;TRUE
Partinico;2015-09-01 14:00:00;14;O3;79,4090997;80400000;13:55;53,28204105;13:08;141,36121125;7,65842994;720;FALSE
Partinico;2015-09-01 14:00:00;14;O3;79,4090997;80400000;13:55;53,28204105;13:08;141,36121125;7,65842994;720;TRUE
Partinico;2015-09-01 15:00:00;15;O3;76,0747764;80400000;14:55;60,9506415;14:06;88,99573305;6,123854;720;FALSE
Partinico;2015-09-01 15:00:00;15;O3;76,0747764;80400000;14:55;60,9506415;14:06;88,99573305;6,123854;720;TRUE
Partinico;2015-09-01 16:00:00;16;O3;65,5770465;80400000;15:58;46,27077315;15:14;76,50691335;5,73258861;720;FALSE
Partinico;2015-09-01 16:00:00;16;O3;65,5770465;80400000;15:58;46,27077315;15:14;76,50691335;5,73258861;720;TRUE
Partinico;2015-09-01 17:00:00;17;O3;61,7004423;80400000;16:56;48,9000036;16:27;74,09675385;5,67146381;720;FALSE
Partinico;2015-09-01 17:00:00;17;O3;61,7004423;80400000;16:56;48,9000036;16:27;74,09675385;5,67146381;720;TRUE
Partinico;2015-09-01 18:00:00;18;O3;49,92002715;80400000;17:52;33,1246209;17:11;65,7708807;7,10183691;720;FALSE
Partinico;2015-09-01 18:00:00;18;O3;49,92002715;80400000;17:52;33,1246209;17:11;65,7708807;7,10183691;720;TRUE
Partinico;2015-09-01 19:00:00;19;O3;37,299717;80400000;18:02;16,03464492;18:14;49,7764071;5,89494371;720;FALSE
Partinico;2015-09-01 19:00:00;19;O3;37,299717;80400000;18:02;16,03464492;18:14;49,7764071;5,89494371;720;TRUE
Partinico;2015-09-01 20:00:00;20;O3;43,2042387;80400000;19:02;29,1807852;19:58;59,19781455;6,36258767;720;FALSE
Partinico;2015-09-01 20:00:00;20;O3;43,2042387;80400000;19:02;29,1807852;19:58;59,19781455;6,36258767;720;TRUE
Partinico;2015-09-01 21:00:00;21;O3;41,63219865;80400000;20:39;32,0290866;20:00;54,59666625;4,12373882;720;FALSE
Partinico;2015-09-01 21:00:00;21;O3;41,63219865;80400000;20:39;32,0290866;20:00;54,59666625;4,12373882;720;TRUE
Partinico;2015-09-01 22:00:00;22;O3;45,0839676;80400000;21:31;26,113353;21:50;56,34947325;6,76553178;720;FALSE
Partinico;2015-09-01 22:00:00;22;O3;45,0839676;80400000;21:31;26,113353;21:50;56,34947325;6,76553178;720;TRUE
Partinico;2015-09-01 23:00:00;23;O3;52,03376955;80400000;22:05;39,697707;22:50;62,4843576;4,9683081;720;FALSE
Partinico;2015-09-01 23:00:00;23;O3;52,03376955;80400000;22:05;39,697707;22:50;62,4843576;4,9683081;720;TRUE
Partinico;2015-09-02 00:00:00;0;O3;50,54781375;80400000;23:56;36,411144;23:08;66,4281933;6,57474395;720;FALSE
Partinico;2015-09-02 00:00:00;0;O3;50,54781375;80400000;23:56;36,411144;23:08;66,4281933;6,57474395;720;TRUE
Partinico;2015-09-02 00:00:00;0;O3;NA;NA;;NA;;NA;NA;NA;FALSE
Partinico;2015-09-02 01:00:00;1;O3;52,4086899;80400000;00:23;46,27077315;00:26;58,3213911;2,68251291;720;FALSE
Partinico;2015-09-02 01:00:00;1;O3;52,4086899;80400000;00:23;46,27077315;00:26;58,3213911;2,68251291;720;TRUE
Partinico;2015-09-02 02:00:00;2;O3;56,55092835;80400000;01:10;36,411144;01:11;91,40585265;3,13827465;720;FALSE
Partinico;2015-09-02 02:00:00;2;O3;56,55092835;80400000;01:10;36,411144;01:11;91,40585265;3,13827465;720;TRUE
Partinico;2015-09-02 03:00:00;3;O3;48,97060665;80400000;02:58;36,8493657;02:19;64,2371646;8,15301638;720;FALSE
Partinico;2015-09-02 03:00:00;3;O3;48,97060665;80400000;02:58;36,8493657;02:19;64,2371646;8,15301638;720;TRUE
Partinico;2015-09-02 04:00:00;4;O3;51,3959481;81400000;03:15;41,8886958;03:59;60,074238;3,91541094;720;FALSE
Partinico;2015-09-02 04:00:00;4;O3;51,3959481;81400000;03:15;41,8886958;03:59;60,074238;3,91541094;720;TRUE
Partinico;2015-09-02 05:00:00;5;O3;NA;NA;;NA;;NA;NA;NA;FALSE
Partinico;2015-09-02 05:00:00;5;O3;NA;NA;;NA;;NA;NA;NA;TRUE
Partinico;2015-09-02 06:00:00;6;O3;NA;NA;;NA;;NA;NA;NA;FALSE
Partinico;2015-09-02 06:00:00;6;O3;NA;NA;;NA;;NA;NA;NA;TRUE
Partinico;2015-09-02 07:00:00;7;O3;NA;NA;;NA;;NA;NA;NA;FALSE
Partinico;2015-09-02 07:00:00;7;O3;NA;NA;;NA;;NA;NA;NA;TRUE
Partinico;2015-09-02 08:00:00;8;O3;NA;NA;;NA;;NA;NA;NA;FALSE
Partinico;2015-09-02 08:00:00;8;O3;NA;NA;;NA;;NA;NA;NA;TRUE
Partinico;2015-09-02 09:00:00;9;O3;NA;NA;;NA;;NA;NA;NA;FALSE
Partinico;2015-09-02 09:00:00;9;O3;NA;NA;;NA;;NA;NA;NA;TRUE
Partinico;2015-09-02 10:00:00;10;O3;NA;NA;;NA;;NA;NA;NA;FALSE
Partinico;2015-09-02 10:00:00;10;O3;NA;NA;;NA;;NA;NA;NA;TRUE
Partinico;2015-09-02 11:00:00;11;O3;NA;NA;;NA;;NA;NA;NA;FALSE
Partinico;2015-09-02 11:00:00;11;O3;NA;NA;;NA;;NA;NA;NA;TRUE
Partinico;2015-09-02 12:00:00;12;O3;NA;NA;;NA;;NA;NA;NA;FALSE
Partinico;2015-09-02 12:00:00;12;O3;NA;NA;;NA;;NA;NA;NA;TRUE
Partinico;2015-09-02 13:00:00;13;O3;NA;NA;;NA;;NA;NA;NA;FALSE
Partinico;2015-09-02 13:00:00;13;O3;NA;NA;;NA;;NA;NA;NA;TRUE
Partinico;2015-09-02 14:00:00;14;O3;NA;NA;;NA;;NA;NA;NA;FALSE
Partinico;2015-09-02 14:00:00;14;O3;NA;NA;;NA;;NA;NA;NA;TRUE
Partinico;2015-09-02 15:00:00;15;O3;NA;NA;;NA;;NA;NA;NA;FALSE
Partinico;2015-09-02 15:00:00;15;O3;NA;NA;;NA;;NA;NA;NA;TRUE
Partinico;2015-09-02 16:00:00;16;O3;NA;NA;;NA;;NA;NA;NA;FALSE
Partinico;2015-09-02 16:00:00;16;O3;NA;NA;;NA;;NA;NA;NA;TRUE
Partinico;2015-09-02 17:00:00;17;O3;NA;NA;;NA;;NA;NA;NA;FALSE
Partinico;2015-09-02 17:00:00;17;O3;NA;NA;;NA;;NA;NA;NA;TRUE
Partinico;2015-09-02 18:00:00;18;O3;NA;NA;;NA;;NA;NA;NA;FALSE
Partinico;2015-09-02 18:00:00;18;O3;NA;NA;;NA;;NA;NA;NA;TRUE
Partinico;2015-09-02 19:00:00;19;O3;NA;NA;;NA;;NA;NA;NA;FALSE
Partinico;2015-09-02 19:00:00;19;O3;NA;NA;;NA;;NA;NA;NA;TRUE
Partinico;2015-09-02 20:00:00;20;O3;NA;NA;;NA;;NA;NA;NA;FALSE
Partinico;2015-09-02 20:00:00;20;O3;NA;NA;;NA;;NA;NA;NA;TRUE
Partinico;2015-09-02 21:00:00;21;O3;NA;NA;;NA;;NA;NA;NA;FALSE
Partinico;2015-09-02 21:00:00;21;O3;NA;NA;;NA;;NA;NA;NA;TRUE
Partinico;2015-09-02 22:00:00;22;O3;NA;NA;;NA;;NA;NA;NA;FALSE
Partinico;2015-09-02 22:00:00;22;O3;NA;NA;;NA;;NA;NA;NA;TRUE
Partinico;2015-09-02 23:00:00;23;O3;NA;NA;;NA;;NA;NA;NA;FALSE
Partinico;2015-09-02 23:00:00;23;O3;NA;NA;;NA;;NA;NA;NA;TRUE
Partinico;2015-09-03 00:00:00;0;O3;NA;NA;;NA;;NA;NA;NA;FALSE
Partinico;2015-09-03 00:00:00;0;O3;NA;NA;;NA;;NA;NA;NA;TRUE
Partinico;2015-09-03 00:00:00;0;O3;NA;;;NA;;NA;NA;NA;FALSE
Partinico;2015-09-03 01:00:00;1;O3;NA;NA;;NA;;NA;NA;NA;FALSE
Partinico;2015-09-03 01:00:00;1;O3;NA;;;NA;;NA;NA;NA;FALSE
Partinico;2015-09-03 02:00:00;2;O3;NA;NA;;NA;;NA;NA;NA;FALSE
Partinico;2015-09-03 02:00:00;2;O3;NA;;;NA;;NA;NA;NA;FALSE
Partinico;2015-09-03 03:00:00;3;O3;NA;NA;;NA;;NA;NA;NA;FALSE
Partinico;2015-09-03 03:00:00;3;O3;NA;;;NA;;NA;NA;NA;FALSE
Partinico;2015-09-03 04:00:00;4;O3;NA;NA;;NA;;NA;NA;NA;FALSE
Partinico;2015-09-03 04:00:00;4;O3;NA;;;NA;;NA;NA;NA;FALSE
Partinico;2015-09-03 05:00:00;5;O3;NA;NA;;NA;;NA;NA;NA;FALSE
Partinico;2015-09-03 05:00:00;5;O3;NA;;;NA;;NA;NA;NA;FALSE
Partinico;2015-09-03 06:00:00;6;O3;NA;NA;;NA;;NA;NA;NA;FALSE
Partinico;2015-09-03 06:00:00;6;O3;NA;;;NA;;NA;NA;NA;FALSE
Partinico;2015-09-03 07:00:00;7;O3;NA;NA;;NA;;NA;NA;NA;FALSE
Partinico;2015-09-03 07:00:00;7;O3;NA;;;NA;;NA;NA;NA;FALSE
Partinico;2015-09-03 08:00:00;8;O3;NA;NA;;NA;;NA;NA;NA;FALSE
Partinico;2015-09-03 08:00:00;8;O3;NA;;;NA;;NA;NA;NA;FALSE
Partinico;2015-09-03 09:00:00;9;O3;NA;NA;;NA;;NA;NA;NA;FALSE
Partinico;2015-09-03 09:00:00;9;O3;NA;;;NA;;NA;NA;NA;FALSE
Partinico;2015-09-03 10:00:00;10;O3;NA;NA;;NA;;NA;NA;NA;FALSE
Partinico;2015-09-03 10:00:00;10;O3;NA;;;NA;;NA;NA;NA;FALSE
Partinico;2015-09-03 11:00:00;11;O3;NA;NA;;NA;;NA;NA;NA;FALSE
Partinico;2015-09-03 11:00:00;11;O3;NA;;;NA;;NA;NA;NA;FALSE
Partinico;2015-09-03 12:00:00;12;O3;NA;NA;;NA;;NA;NA;NA;FALSE
Partinico;2015-09-03 12:00:00;12;O3;NA;;;NA;;NA;NA;NA;FALSE
Partinico;2015-09-03 13:00:00;13;O3;NA;NA;;NA;;NA;NA;NA;FALSE
Partinico;2015-09-03 13:00:00;13;O3;NA;;;NA;;NA;NA;NA;FALSE
Partinico;2015-09-03 14:00:00;14;O3;NA;NA;;NA;;NA;NA;NA;FALSE
Partinico;2015-09-03 14:00:00;14;O3;NA;;;NA;;NA;NA;NA;FALSE
Partinico;2015-09-03 15:00:00;15;O3;NA;NA;;NA;;NA;NA;NA;FALSE
Partinico;2015-09-03 15:00:00;15;O3;NA;;;NA;;NA;NA;NA;FALSE
Partinico;2015-09-03 16:00:00;16;O3;NA;NA;;NA;;NA;NA;NA;FALSE
Partinico;2015-09-03 16:00:00;16;O3;NA;;;NA;;NA;NA;NA;FALSE
Partinico;2015-09-03 17:00:00;17;O3;NA;NA;;NA;;NA;NA;NA;FALSE
Partinico;2015-09-03 17:00:00;17;O3;NA;;;NA;;NA;NA;NA;FALSE
Partinico;2015-09-03 18:00:00;18;O3;NA;NA;;NA;;NA;NA;NA;FALSE
Partinico;2015-09-03 18:00:00;18;O3;NA;;;NA;;NA;NA;NA;FALSE
Partinico;2015-09-03 19:00:00;19;O3;NA;NA;;NA;;NA;NA;NA;FALSE
Partinico;2015-09-03 19:00:00;19;O3;NA;;;NA;;NA;NA;NA;FALSE
Partinico;2015-09-03 20:00:00;20;O3;NA;NA;;NA;;NA;NA;NA;FALSE
Partinico;2015-09-03 20:00:00;20;O3;NA;;;NA;;NA;NA;NA;FALSE
Partinico;2015-09-03 21:00:00;21;O3;NA;NA;;NA;;NA;NA;NA;FALSE
Partinico;2015-09-03 21:00:00;21;O3;NA;;;NA;;NA;NA;NA;FALSE
Partinico;2015-09-03 22:00:00;22;O3;NA;NA;;NA;;NA;NA;NA;FALSE
Partinico;2015-09-03 22:00:00;22;O3;NA;;;NA;;NA;NA;NA;FALSE
Partinico;2015-09-03 23:00:00;23;O3;NA;NA;;NA;;NA;NA;NA;FALSE
Partinico;2015-09-03 23:00:00;23;O3;NA;;;NA;;NA;NA;NA;FALSE
Partinico;2015-09-04 00:00:00;0;O3;NA;NA;;NA;;NA;NA;NA;FALSE
Partinico;2015-09-04 00:00:00;0;O3;NA;;;NA;;NA;NA;NA;FALSE
Partinico;2015-09-04 00:00:00;0;O3;NA;;;NA;;NA;NA;NA;TRUE
Partinico;2015-09-04 01:00:00;1;O3;NA;;;NA;;NA;NA;NA;FALSE
Partinico;2015-09-04 01:00:00;1;O3;NA;;;NA;;NA;NA;NA;TRUE
Partinico;2015-09-04 02:00:00;2;O3;NA;;;NA;;NA;NA;NA;FALSE
Partinico;2015-09-04 02:00:00;2;O3;NA;;;NA;;NA;NA;NA;TRUE
Partinico;2015-09-04 03:00:00;3;O3;NA;;;NA;;NA;NA;NA;FALSE
Partinico;2015-09-04 03:00:00;3;O3;NA;;;NA;;NA;NA;NA;TRUE
Partinico;2015-09-04 04:00:00;4;O3;NA;;;NA;;NA;NA;NA;FALSE
Partinico;2015-09-04 04:00:00;4;O3;NA;;;NA;;NA;NA;NA;TRUE
Partinico;2015-09-04 05:00:00;5;O3;NA;;;NA;;NA;NA;NA;FALSE
Partinico;2015-09-04 05:00:00;5;O3;NA;;;NA;;NA;NA;NA;TRUE
Partinico;2015-09-04 06:00:00;6;O3;NA;;;NA;;NA;NA;NA;FALSE
Partinico;2015-09-04 06:00:00;6;O3;NA;;;NA;;NA;NA;NA;TRUE
Partinico;2015-09-04 07:00:00;7;O3;NA;;;NA;;NA;NA;NA;FALSE
Partinico;2015-09-04 07:00:00;7;O3;NA;;;NA;;NA;NA;NA;TRUE
Partinico;2015-09-04 08:00:00;8;O3;NA;;;NA;;NA;NA;NA;FALSE
Partinico;2015-09-04 08:00:00;8;O3;NA;;;NA;;NA;NA;NA;TRUE
Partinico;2015-09-04 09:00:00;9;O3;NA;;;NA;;NA;NA;NA;FALSE
Partinico;2015-09-04 09:00:00;9;O3;NA;;;NA;;NA;NA;NA;TRUE
Partinico;2015-09-04 10:00:00;10;O3;NA;;;NA;;NA;NA;NA;FALSE
Partinico;2015-09-04 10:00:00;10;O3;NA;;;NA;;NA;NA;NA;TRUE
Partinico;2015-09-04 11:00:00;11;O3;NA;;;NA;;NA;NA;NA;FALSE
Partinico;2015-09-04 11:00:00;11;O3;NA;;;NA;;NA;NA;NA;TRUE
Partinico;2015-09-04 12:00:00;12;O3;NA;;;NA;;NA;NA;NA;FALSE
Partinico;2015-09-04 12:00:00;12;O3;NA;;;NA;;NA;NA;NA;TRUE
Partinico;2015-09-04 13:00:00;13;O3;82,9534965;89C00000;12:53;74,16213;12:20;88,7947368;2,73808563;612;FALSE
Partinico;2015-09-04 13:00:00;13;O3;82,9534965;89C00000;12:53;74,16213;12:20;88,7947368;2,73808563;612;TRUE
Partinico;2015-09-04 14:00:00;14;O3;85,8387054;80400000;13:03;77,23026045;13:34;94,45896075;3,49251483;720;FALSE
Partinico;2015-09-04 14:00:00;14;O3;85,8387054;80400000;13:03;77,23026045;13:34;94,45896075;3,49251483;720;TRUE
Partinico;2015-09-04 15:00:00;15;O3;89,8548;80400000;14:21;76,2862065;14:58;97,5270912;3,88549193;720;FALSE
Partinico;2015-09-04 15:00:00;15;O3;89,8548;80400000;14:21;76,2862065;14:58;97,5270912;3,88549193;720;TRUE
Partinico;2015-09-04 16:00:00;16;O3;92,1178881;80400000;15:47;80,06236245;15:27;101,06723865;5,09319909;719;FALSE
Partinico;2015-09-04 16:00:00;16;O3;92,1178881;80400000;15:47;80,06236245;15:27;101,06723865;5,09319909;719;TRUE
Partinico;2015-09-04 17:00:00;17;O3;85,8950841;80400000;16:59;26,25214515;16:13;102,48328965;9,65990172;720;FALSE
Partinico;2015-09-04 17:00:00;17;O3;85,8950841;80400000;16:59;26,25214515;16:13;102,48328965;9,65990172;720;TRUE
Partinico;2015-09-04 18:00:00;18;O3;70,15618995;80400000;17:55;34,27647405;17:03;90,2107878;9,48836763;720;FALSE
Partinico;2015-09-04 18:00:00;18;O3;70,15618995;80400000;17:55;34,27647405;17:03;90,2107878;9,48836763;720;TRUE
Partinico;2015-09-04 19:00:00;19;O3;60,74202435;80400000;18:38;42,53681145;18:06;77,23026045;6,35070744;720;FALSE
Partinico;2015-09-04 19:00:00;19;O3;60,74202435;80400000;18:38;42,53681145;18:06;77,23026045;6,35070744;720;TRUE
Partinico;2015-09-04 20:00:00;20;O3;54,85422075;80400000;20:00;30,9723351;19:22;130,8044493;8,56640631;720;FALSE
Partinico;2015-09-04 20:00:00;20;O3;54,85422075;80400000;20:00;30,9723351;19:22;130,8044493;8,56640631;720;TRUE
Partinico;2015-09-04 21:00:00;21;O3;50,4195153;80400000;20:00;29,5562841;20:12;65,9017926;7,01875514;720;FALSE
Partinico;2015-09-04 21:00:00;21;O3;50,4195153;80400000;20:00;29,5562841;20:12;65,9017926;7,01875514;720;TRUE
Partinico;2015-09-04 22:00:00;22;O3;60,3591639;80400000;21:16;44,8969164;22:00;74,3981385;7,00362705;720;FALSE
Partinico;2015-09-04 22:00:00;22;O3;60,3591639;80400000;21:16;44,8969164;22:00;74,3981385;7,00362705;720;TRUE
Partinico;2015-09-04 23:00:00;23;O3;77,976969;80400000;22:52;70,62198255;22:56;83,6025099;2,19813888;720;FALSE
Partinico;2015-09-04 23:00:00;23;O3;77,976969;80400000;22:52;70,62198255;22:56;83,6025099;2,19813888;720;TRUE
Partinico;2015-09-05 00:00:00;0;O3;76,1655888;80400000;23:32;64,72173015;23:41;89,73875085;3,57626094;720;FALSE
Partinico;2015-09-05 00:00:00;0;O3;76,1655888;80400000;23:32;64,72173015;23:41;89,73875085;3,57626094;720;TRUE
Partinico;2015-09-05 00:00:00;0;O3;NA;NA;;NA;;NA;NA;NA;FALSE
Partinico;2015-09-05 01:00:00;1;O3;71,32051185;80400000;00:47;67,7898606;00:11;74,8701555;1,17351486;720;FALSE
Partinico;2015-09-05 01:00:00;1;O3;71,32051185;80400000;00:47;67,7898606;00:11;74,8701555;1,17351486;720;TRUE
Partinico;2015-09-05 02:00:00;2;O3;71,12184975;80400000;01:36;67,7898606;01:16;75,106164;1,21153757;720;FALSE
Partinico;2015-09-05 02:00:00;2;O3;71,12184975;80400000;01:36;67,7898606;01:16;75,106164;1,21153757;720;TRUE
Partinico;2015-09-05 03:00:00;3;O3;71,0917053;80400000;02:15;68,02584915;02:11;74,63412705;1,09288893;720;FALSE
Partinico;2015-09-05 03:00:00;3;O3;71,0917053;80400000;02:15;68,02584915;02:11;74,63412705;1,09288893;720;TRUE
Partinico;2015-09-05 04:00:00;4;O3;69,79034685;81400000;03:45;67,5538521;03:41;73,21807605;0,97029419;720;FALSE
Partinico;2015-09-05 04:00:00;4;O3;69,79034685;81400000;03:45;67,5538521;03:41;73,21807605;0,97029419;720;TRUE
Partinico;2015-09-05 05:00:00;5;O3;NA;;;NA;;NA;NA;NA;FALSE
Partinico;2015-09-05 05:00:00;5;O3;NA;NA;;NA;;NA;NA;NA;FALSE
Partinico;2015-09-05 06:00:00;6;O3;64,46509335;80400000;05:06;59,4263019;05:50;71,07404955;2,54956611;720;FALSE
Partinico;2015-09-05 06:00:00;6;O3;64,46509335;80400000;05:06;59,4263019;05:50;71,07404955;2,54956611;720;TRUE
Partinico;2015-09-05 07:00:00;7;O3;60,41883435;80400000;06:52;46,6366362;06:05;70,845642;4,72708667;720;FALSE
Partinico;2015-09-05 07:00:00;7;O3;60,41883435;80400000;06:52;46,6366362;06:05;70,845642;4,72708667;720;TRUE
Partinico;2015-09-05 08:00:00;8;O3;60,16411275;80400000;07:46;52,57469385;07:52;65,59274715;2,53205001;720;FALSE
Partinico;2015-09-05 08:00:00;8;O3;60,16411275;80400000;07:46;52,57469385;07:52;65,59274715;2,53205001;720;TRUE
Partinico;2015-09-05 09:00:00;9;O3;59,4586608;80400000;08:34;49,3772475;08:14;66,7347051;3,23638875;720;FALSE
Partinico;2015-09-05 09:00:00;9;O3;59,4586608;80400000;08:34;49,3772475;08:14;66,7347051;3,23638875;720;TRUE
Partinico;2015-09-05 10:00:00;10;O3;62,4276996;80400000;09:57;52,34630625;09:57;73,81470075;3,18791823;720;FALSE
Partinico;2015-09-05 10:00:00;10;O3;62,4276996;80400000;09:57;52,34630625;09:57;73,81470075;3,18791823;720;TRUE
Partinico;2015-09-05 11:00:00;11;O3;67,16863755;80400000;10:04;55,77212025;10:52;76,3269444;4,54902294;720;FALSE
Partinico;2015-09-05 11:00:00;11;O3;67,16863755;80400000;10:04;55,77212025;10:52;76,3269444;4,54902294;720;TRUE
Partinico;2015-09-05 12:00:00;12;O3;69,10929375;80400000;11:34;46,179861;11:21;82,7217972;7,15590341;720;FALSE
Partinico;2015-09-05 12:00:00;12;O3;69,10929375;80400000;11:34;46,179861;11:21;82,7217972;7,15590341;720;TRUE
Partinico;2015-09-05 13:00:00;13;O3;69,1613034;80400000;12:11;56,68567065;12:36;101,6779281;4,9153209;720;FALSE
Partinico;2015-09-05 13:00:00;13;O3;69,1613034;80400000;12:11;56,68567065;12:36;101,6779281;4,9153209;720;TRUE
Partinico;2015-09-05 14:00:00;14;O3;70,9570029;80400000;13:19;58,7411391;13:51;81,8082468;4,35392391;720;FALSE
Partinico;2015-09-05 14:00:00;14;O3;70,9570029;80400000;13:19;58,7411391;13:51;81,8082468;4,35392391;720;TRUE
Partinico;2015-09-05 15:00:00;15;O3;71,41311975;80400000;14:25;60,1114647;14:58;78,61080045;3,24284457;720;FALSE
Partinico;2015-09-05 15:00:00;15;O3;71,41311975;80400000;14:25;60,1114647;14:58;78,61080045;3,24284457;720;TRUE
Partinico;2015-09-05 16:00:00;16;O3;66,25951605;80400000;15:55;57,14244585;15:01;76,555332;3,82734566;720;FALSE
Partinico;2015-09-05 16:00:00;16;O3;66,25951605;80400000;15:55;57,14244585;15:01;76,555332;3,82734566;720;TRUE
Partinico;2015-09-05 17:00:00;17;O3;55,30868175;80400000;16:27;32,93340015;16:06;68,33339835;5,67085134;719;FALSE
Partinico;2015-09-05 17:00:00;17;O3;55,30868175;80400000;16:27;32,93340015;16:06;68,33339835;5,67085134;719;TRUE
Partinico;2015-09-05 18:00:00;18;O3;46,46355;80400000;17:03;17,85986843;17:00;59,1979143;7,03617947;698;FALSE
Partinico;2015-09-05 18:00:00;18;O3;46,46355;80400000;17:03;17,85986843;17:00;59,1979143;7,03617947;698;TRUE
Partinico;2015-09-05 19:00:00;19;O3;44,3083515;80400000;18:46;26,9953425;18:37;55,54373265;5,72807592;720;FALSE
Partinico;2015-09-05 19:00:00;19;O3;44,3083515;80400000;18:46;26,9953425;18:37;55,54373265;5,72807592;720;TRUE
Partinico;2015-09-05 20:00:00;20;O3;51,6329142;80400000;19:56;36,81598935;19:27;60,5682399;4,29314424;720;FALSE
Partinico;2015-09-05 20:00:00;20;O3;51,6329142;80400000;19:56;36,81598935;19:27;60,5682399;4,29314424;720;TRUE
Partinico;2015-09-05 21:00:00;21;O3;46,1182953;80400000;20:31;32,93340015;20:59;56,00050785;4,54251326;720;FALSE
Partinico;2015-09-05 21:00:00;21;O3;46,1182953;80400000;20:31;32,93340015;20:59;56,00050785;4,54251326;720;TRUE
Partinico;2015-09-05 22:00:00;22;O3;49,1542863;80400000;21:46;37,9579074;21:14;58,05599625;4,84755873;720;FALSE
Partinico;2015-09-05 22:00:00;22;O3;49,1542863;80400000;21:46;37,9579074;21:14;58,05599625;4,84755873;720;TRUE
Partinico;2015-09-05 23:00:00;23;O3;53,3518461;80400000;22:40;46,4082486;22:38;71,30243715;2,66992646;720;FALSE
Partinico;2015-09-05 23:00:00;23;O3;53,3518461;80400000;22:40;46,4082486;22:38;71,30243715;2,66992646;720;TRUE
Partinico;2015-09-06 00:00:00;0;O3;NA;NA;;NA;;NA;NA;NA;FALSE
Partinico;2015-09-06 00:00:00;0;O3;46,9129038;80400000;23:52;39,7850082;23:10;59,8830771;4,91073839;720;FALSE
Partinico;2015-09-06 00:00:00;0;O3;46,9129038;80400000;23:52;39,7850082;23:10;59,8830771;4,91073839;720;TRUE
Partinico;2015-09-06 01:00:00;1;O3;47,33933505;80400000;00:49;40,69857855;00:27;52,57469385;2,39797604;716;FALSE
Partinico;2015-09-06 01:00:00;1;O3;47,33933505;80400000;00:49;40,69857855;00:27;52,57469385;2,39797604;716;TRUE
Partinico;2015-09-06 02:00:00;2;O3;52,7824731;80400000;01:07;42,75402705;01:23;61,9385655;3,76485827;720;FALSE
Partinico;2015-09-06 02:00:00;2;O3;52,7824731;80400000;01:07;42,75402705;01:23;61,9385655;3,76485827;720;TRUE
Partinico;2015-09-06 03:00:00;3;O3;58,85946255;80400000;02:05;48,9205122;02:45;65,1359919;3,03606482;720;FALSE
Partinico;2015-09-06 03:00:00;3;O3;58,85946255;80400000;02:05;48,9205122;02:45;65,1359919;3,03606482;720;TRUE
Partinico;2015-09-06 04:00:00;4;O3;52,15183365;81400000;03:32;41,15535375;03:54;61,2534027;5,32035977;720;FALSE
Partinico;2015-09-06 04:00:00;4;O3;52,15183365;81400000;03:32;41,15535375;03:54;61,2534027;5,32035977;720;TRUE
Partinico;2015-09-06 05:00:00;5;O3;NA;NA;;NA;;NA;NA;NA;FALSE
Partinico;2015-09-06 05:00:00;5;O3;NA;NA;;NA;;NA;NA;NA;TRUE
Partinico;2015-09-06 06:00:00;6;O3;57,75742455;80400000;05:57;34,2861897;05:05;70,21631925;6,41222127;720;FALSE
Partinico;2015-09-06 06:00:00;6;O3;57,75742455;80400000;05:57;34,2861897;05:05;70,21631925;6,41222127;720;TRUE
Partinico;2015-09-06 07:00:00;7;O3;51,24335055;80400000;06:03;36,1170012;06:58;61,51987485;4,66749003;720;FALSE
Partinico;2015-09-06 07:00:00;7;O3;51,24335055;80400000;06:03;36,1170012;06:58;61,51987485;4,66749003;720;TRUE
Partinico;2015-09-06 08:00:00;8;O3;58,28697735;80400000;07:33;39,32099115;07:58;73,8780021;6,91510292;720;FALSE
Partinico;2015-09-06 08:00:00;8;O3;58,28697735;80400000;07:33;39,32099115;07:58;73,8780021;6,91510292;720;TRUE
Partinico;2015-09-06 09:00:00;9;O3;68,54187585;80400000;08:30;54,42537555;08:36;77,0819721;4,04926946;720;FALSE
Partinico;2015-09-06 09:00:00;9;O3;68,54187585;80400000;08:30;54,42537555;08:36;77,0819721;4,04926946;720;TRUE
Partinico;2015-09-06 10:00:00;10;O3;67,82638905;80400000;09:56;22,1569089;09:14;102,25593945;6,31086929;720;FALSE
Partinico;2015-09-06 10:00:00;10;O3;67,82638905;80400000;09:56;22,1569089;09:14;102,25593945;6,31086929;720;TRUE
Partinico;2015-09-06 11:00:00;11;O3;69,4086435;80400000;10:51;59,91788985;10:27;77,99737785;3,50744741;720;FALSE
Partinico;2015-09-06 11:00:00;11;O3;69,4086435;80400000;10:51;59,91788985;10:27;77,99737785;3,50744741;720;TRUE
Partinico;2015-09-06 12:00:00;12;O3;71,74169625;80400000;11:00;41,60953545;11:54;78,91280355;4,26389156;720;FALSE
Partinico;2015-09-06 12:00:00;12;O3;71,74169625;80400000;11:00;41,60953545;11:54;78,91280355;4,26389156;720;TRUE
Partinico;2015-09-06 13:00:00;13;O3;74,5540677;80400000;12:29;58,7736177;12:22;83,48989215;3,49040811;720;FALSE
Partinico;2015-09-06 13:00:00;13;O3;74,5540677;80400000;12:29;58,7736177;12:22;83,48989215;3,49040811;720;TRUE
Partinico;2015-09-06 14:00:00;14;O3;75,75204525;80400000;13:20;70,67405205;13:59;82,1167536;2,33623677;720;FALSE
Partinico;2015-09-06 14:00:00;14;O3;75,75204525;80400000;13:20;70,67405205;13:59;82,1167536;2,33623677;720;TRUE
Partinico;2015-09-06 15:00:00;15;O3;78,85016055;80400000;14:55;73,8780021;14:31;84,40531785;2,02212602;720;FALSE
Partinico;2015-09-06 15:00:00;15;O3;78,85016055;80400000;14:55;73,8780021;14:31;84,40531785;2,02212602;720;TRUE
Partinico;2015-09-06 16:00:00;16;O3;76,1344269;80400000;15:58;65,18153775;15:27;83,0321793;3,22846262;720;FALSE
Partinico;2015-09-06 16:00:00;16;O3;76,1344269;80400000;15:58;65,18153775;15:27;83,0321793;3,22846262;720;TRUE
Partinico;2015-09-06 17:00:00;17;O3;66,14177115;80400000;17:00;57,62934555;16:00;74,10684855;3,02151728;720;FALSE
Partinico;2015-09-06 17:00:00;17;O3;66,14177115;80400000;17:00;57,62934555;16:00;74,10684855;3,02151728;720;TRUE
Partinico;2015-09-06 18:00:00;18;O3;54,6615237;80400000;17:37;40,4652633;17:02;66,5546364;6,37824044;720;FALSE
Partinico;2015-09-06 18:00:00;18;O3;54,6615237;80400000;17:37;40,4652633;17:02;66,5546364;6,37824044;720;TRUE
Partinico;2015-09-06 19:00:00;19;O3;50,0370738;80400000;18:57;14,60472269;18:19;67,2412356;6,47398847;720;FALSE
Partinico;2015-09-06 19:00:00;19;O3;50,0370738;80400000;18:57;14,60472269;18:19;67,2412356;6,47398847;720;TRUE
Partinico;2015-09-06 20:00:00;20;O3;45,9285309;80400000;20:00;29,48025465;19:32;60,3756027;5,42291075;720;FALSE
Partinico;2015-09-06 20:00:00;20;O3;45,9285309;80400000;20:00;29,48025465;19:32;60,3756027;5,42291075;720;TRUE
Partinico;2015-09-06 21:00:00;21;O3;43,4009457;80400000;20:00;28,3359825;20:15;53,96768265;4,75764009;720;FALSE
Partinico;2015-09-06 21:00:00;21;O3;43,4009457;80400000;20:00;28,3359825;20:15;53,96768265;4,75764009;720;TRUE
Partinico;2015-09-06 22:00:00;22;O3;43,6288545;80400000;21:23;37,4901597;21:03;50,9925591;2,69049491;720;FALSE
Partinico;2015-09-06 22:00:00;22;O3;43,6288545;80400000;21:23;37,4901597;21:03;50,9925591;2,69049491;720;TRUE
Partinico;2015-09-06 23:00:00;23;O3;34,91172195;80400000;22:48;23,0723346;22:59;50,76371265;5,71063563;720;FALSE
Partinico;2015-09-06 23:00:00;23;O3;34,91172195;80400000;22:48;23,0723346;22:59;50,76371265;5,71063563;720;TRUE
Partinico;2015-09-07 00:00:00;0;O3;44,37899445;80400000;23:48;33,5996304;23:14;53,5099698;3,87115386;720;FALSE
Partinico;2015-09-07 00:00:00;0;O3;NA;NA;;NA;;NA;NA;NA;FALSE
Partinico;2015-09-07 00:00:00;0;O3;44,37899445;80400000;23:48;33,5996304;23:14;53,5099698;3,87115386;720;TRUE
Partinico;2015-09-07 01:00:00;1;O3;50,079687;80400000;00:30;35,88815475;00:44;62,20643415;6,93300804;720;FALSE
Partinico;2015-09-07 01:00:00;1;O3;50,079687;80400000;00:30;35,88815475;00:44;62,20643415;6,93300804;720;TRUE
Partinico;2015-09-07 02:00:00;2;O3;60,62128695;80400000;01:17;49,1617077;01:44;71,36061135;5,54944362;720;FALSE
Partinico;2015-09-07 02:00:00;2;O3;60,62128695;80400000;01:17;49,1617077;01:44;71,36061135;5,54944362;720;TRUE
Partinico;2015-09-07 03:00:00;3;O3;69,41915715;80400000;02:20;65,18153775;02:05;74,7934278;1,56265956;720;FALSE
Partinico;2015-09-07 03:00:00;3;O3;69,41915715;80400000;02:20;65,18153775;02:05;74,7934278;1,56265956;720;TRUE
Partinico;2015-09-07 04:00:00;4;O3;70,64448615;81400000;03:56;45,0423519;03:56;85,77843645;2,26494345;720;FALSE
Partinico;2015-09-07 04:00:00;4;O3;70,64448615;81400000;03:56;45,0423519;03:56;85,77843645;2,26494345;720;TRUE
Partinico;2015-09-07 05:00:00;5;O3;NA;NA;;NA;;NA;NA;NA;FALSE
Partinico;2015-09-07 05:00:00;5;O3;NA;NA;;NA;;NA;NA;NA;TRUE
Partinico;2015-09-07 06:00:00;6;O3;60,62052885;80400000;05:38;51,8713965;05:11;71,0872764;5,49942299;720;FALSE
Partinico;2015-09-07 06:00:00;6;O3;60,62052885;80400000;05:38;51,8713965;05:11;71,0872764;5,49942299;720;TRUE
Partinico;2015-09-07 07:00:00;7;O3;53,44730685;80400000;06:42;37,00196325;06:17;64,22445645;5,76045078;720;FALSE
Partinico;2015-09-07 07:00:00;7;O3;53,44730685;80400000;06:42;37,00196325;06:17;64,22445645;5,76045078;720;TRUE
Partinico;2015-09-07 08:00:00;8;O3;52,5544845;80400000;07:50;22,13254995;07:34;81,3814764;8,96056844;720;FALSE
Partinico;2015-09-07 08:00:00;8;O3;52,5544845;80400000;07:50;22,13254995;07:34;81,3814764;8,96056844;720;TRUE
Partinico;2015-09-07 09:00:00;9;O3;55,07434905;80400000;08:05;39,5183166;08:35;72,23106975;6,65462375;720;FALSE
Partinico;2015-09-07 09:00:00;9;O3;55,07434905;80400000;08:05;39,5183166;08:35;72,23106975;6,65462375;720;TRUE
Partinico;2015-09-07 10:00:00;10;O3;68,15975355;80400000;09:11;55,7603298;09:53;81,3814764;5,29024325;720;FALSE
Partinico;2015-09-07 10:00:00;10;O3;68,15975355;80400000;09:11;55,7603298;09:53;81,3814764;5,29024325;720;TRUE
Partinico;2015-09-07 11:00:00;11;O3;71,72110785;80400000;10:17;53,9302365;10:55;83,8978497;7,4469779;720;FALSE
Partinico;2015-09-07 11:00:00;11;O3;71,72110785;80400000;10:17;53,9302365;10:55;83,8978497;7,4469779;720;TRUE
Partinico;2015-09-07 12:00:00;12;O3;79,46689485;80400000;11:24;68,3421564;11:26;89,15932305;4,64530563;720;FALSE
Partinico;2015-09-07 12:00:00;12;O3;79,46689485;80400000;11:24;68,3421564;11:26;89,15932305;4,64530563;720;TRUE
Partinico;2015-09-07 13:00:00;13;O3;77,7121128;80400000;12:23;44,09354985;12:14;342,625689;17,02683423;720;FALSE
Partinico;2015-09-07 13:00:00;13;O3;77,7121128;80400000;12:23;44,09354985;12:14;342,625689;17,02683423;720;TRUE
Partinico;2015-09-07 14:00:00;14;O3;78,9391575;80400000;13:42;69,02841645;13:21;94,87834965;2,68958718;720;FALSE
Partinico;2015-09-07 14:00:00;14;O3;78,9391575;80400000;13:42;69,02841645;13:21;94,87834965;2,68958718;720;TRUE
Partinico;2015-09-07 15:00:00;15;O3;76,69188975;80400000;14:15;63,5381565;14:02;85,2704097;3,06023225;720;FALSE
Partinico;2015-09-07 15:00:00;15;O3;76,69188975;80400000;14:15;63,5381565;14:02;85,2704097;3,06023225;720;TRUE
Partinico;2015-09-07 16:00:00;16;O3;72,1421127;80400000;15:17;60,79305645;15:17;82,98280305;2,85184452;720;FALSE
Partinico;2015-09-07 16:00:00;16;O3;72,1421127;80400000;15:17;60,79305645;15:17;82,98280305;2,85184452;720;TRUE
Partinico;2015-09-07 17:00:00;17;O3;67,20183435;80400000;16:30;56,4466098;16:43;75,43372305;3,97900157;720;FALSE
Partinico;2015-09-07 17:00:00;17;O3;67,20183435;80400000;16:30;56,4466098;16:43;75,43372305;3,97900157;720;TRUE
Partinico;2015-09-07 18:00:00;18;O3;58,6925808;80400000;17:43;33,7993299;17:00;75,8912364;6,75170643;720;FALSE
Partinico;2015-09-07 18:00:00;18;O3;58,6925808;80400000;17:43;33,7993299;17:00;75,8912364;6,75170643;720;TRUE
Partinico;2015-09-07 19:00:00;19;O3;54,41603895;80400000;18:03;38,37452325;18:49;66,2832765;5,8991352;720;FALSE
Partinico;2015-09-07 19:00:00;19;O3;54,41603895;80400000;18:03;38,37452325;18:49;66,2832765;5,8991352;720;TRUE
Partinico;2015-09-07 20:00:00;20;O3;60,49217055;80400000;19:24;40,66214985;19:45;71,77353645;5,75539146;720;FALSE
Partinico;2015-09-07 20:00:00;20;O3;60,49217055;80400000;19:24;40,66214985;19:45;71,77353645;5,75539146;720;TRUE
Partinico;2015-09-07 21:00:00;21;O3;66,6918924;80400000;20:14;52,5576765;20:53;75,8912364;4,2770027;720;FALSE
Partinico;2015-09-07 21:00:00;21;O3;66,6918924;80400000;20:14;52,5576765;20:53;75,8912364;4,2770027;720;TRUE
Partinico;2015-09-07 22:00:00;22;O3;69,269592;80400000;21:25;61,47933645;21:48;74,7474231;2,59580822;720;FALSE
Partinico;2015-09-07 22:00:00;22;O3;69,269592;80400000;21:25;61,47933645;21:48;74,7474231;2,59580822;720;TRUE
Partinico;2015-09-07 23:00:00;23;O3;68,3729592;80400000;22:41;58,5054498;22:10;75,43372305;3,52013561;720;FALSE
Partinico;2015-09-07 23:00:00;23;O3;68,3729592;80400000;22:41;58,5054498;22:10;75,43372305;3,52013561;720;TRUE
Partinico;2015-09-08 00:00:00;0;O3;63,9794904;80400000;23:48;55,98905655;23:34;72,23106975;3,32654879;720;FALSE
Partinico;2015-09-08 00:00:00;0;O3;63,9794904;80400000;23:48;55,98905655;23:34;72,23106975;3,32654879;720;TRUE
Partinico;2015-09-08 01:00:00;1;O3;61,66870185;80400000;00:51;53,70146985;00:10;69,2571831;3,08315081;720;FALSE
Partinico;2015-09-08 02:00:00;2;O3;50,8400613;80400000;01:54;42,03470985;01:59;61,70808315;5,45473898;720;FALSE
Partinico;2015-09-08 03:00:00;3;O3;54,75981735;80400000;02:42;45,69485655;02:53;67,42710975;5,32797269;720;FALSE
Partinico;2015-09-08 04:00:00;4;O3;59,7642549;81400000;03:57;51,1851165;03:10;70,40097645;3,25686743;720;FALSE
Partinico;2015-09-08 05:00:00;5;O3;NA;NA;;NA;;NA;NA;NA;FALSE
Partinico;2015-09-08 06:00:00;6;O3;47,72189625;80400000;05:32;22,475271;05:47;61,22704875;7,93102275;720;FALSE
Partinico;2015-09-08 07:00:00;7;O3;52,63019475;80400000;06:06;40,36070535;06:53;70,3990812;6,13208537;720;FALSE
Partinico;2015-09-08 08:00:00;8;O3;56,4200364;80400000;07:47;33,9402966;07:42;66,7302762;6,1327098;720;FALSE
Partinico;2015-09-08 09:00:00;9;O3;62,59426215;80400000;08:09;48,61553655;08:22;73,37999025;4,11277031;720;FALSE
Partinico;2015-09-08 10:00:00;10;O3;72,3688245;80400000;09:33;50,44993905;09:59;85,3036065;5,89960203;720;FALSE
Partinico;2015-09-08 11:00:00;11;O3;70,55542935;80400000;10:10;15,13765701;10:00;86,90872365;6,60762354;720;FALSE
Partinico;2015-09-08 12:00:00;12;O3;67,7210331;80400000;11:49;44,25881565;11:06;82,09339215;8,75139269;720;FALSE
Partinico;2015-09-08 13:00:00;13;O3;73,6455846;80400000;12:58;27,06127725;12:24;84,1571199;6,58998974;720;FALSE
Partinico;2015-09-08 14:00:00;14;O3;78,29116155;80400000;13:52;36,92120565;13:10;88,05521025;5,90239703;720;FALSE
Partinico;2015-09-08 15:00:00;15;O3;79,96696155;80400000;14:49;69,48187995;14:19;89,6603274;3,64987844;720;FALSE
Partinico;2015-09-08 16:00:00;16;O3;68,84395875;80400000;15:31;18,11856207;15:26;80,94690555;9,29126363;720;FALSE
Partinico;2015-09-08 17:00:00;17;O3;51,83526705;80400000;16:31;16,05485826;16:07;70,3990812;13,70772879;720;FALSE
Partinico;2015-09-08 18:00:00;18;O3;42,06898395;80400000;17:31;8,48794097;17:50;65,3544444;10,37015165;720;FALSE
Partinico;2015-09-08 19:00:00;19;O3;44,74990485;80400000;18:43;10,09304415;18:12;67,6474575;15,63791124;720;FALSE
Partinico;2015-09-08 20:00:00;20;O3;50,9435619;80400000;19:01;30,50077695;19:18;66,7302762;6,61347089;720;FALSE
Partinico;2015-09-08 21:00:00;21;O3;48,04991415;80400000;20:58;35,08680315;20:18;65,81307495;6,48088518;720;FALSE
Partinico;2015-09-08 22:00:00;22;O3;47,50978785;80400000;21:46;34,62819255;21:42;59,1633609;5,57791626;720;FALSE
Partinico;2015-09-08 23:00:00;23;O3;46,9760256;80400000;22:45;0;22:46;58,9340556;5,14802967;720;FALSE
Partinico;2015-09-09 00:00:00;0;O3;43,9861989;80400000;23:12;32,33517945;23:32;53,2015428;3,73876167;720;FALSE
Partinico;2015-09-10 00:00:00;0;O3;NA;NA;;NA;;NA;NA;NA;FALSE
Partinico;2015-09-10 01:00:00;1;O3;71,20089165;80400000;00:00;57,19547295;00:38;77,86439115;3,02554119;720;FALSE
Partinico;2015-09-10 02:00:00;2;O3;67,46038635;80400000;01:59;60,41061495;01:48;72,81197385;2,10363972;720;FALSE
Partinico;2015-09-10 03:00:00;3;O3;64,51026015;80400000;02:01;55,1285532;02:32;72,35264505;3,32368995;720;FALSE
Partinico;2015-09-10 04:00:00;4;O3;65,89267545;81400000;03:59;62,47751475;03:17;69,5968119;1,28889968;720;FALSE
Partinico;2015-09-10 05:00:00;5;O3;NA;NA;;NA;;NA;NA;NA;FALSE
Partinico;2015-09-10 06:00:00;6;O3;41,4255765;80400000;05:11;17,76304709;05:27;52,40783205;7,12316346;720;FALSE
Partinico;2015-09-10 07:00:00;7;O3;32,6652921;80400000;06:50;12,29281893;06:14;48,760992;7,4214798;720;FALSE
Partinico;2015-09-10 08:00:00;8;O3;30,8868294;80400000;07:12;7,50636905;07:59;63,5761812;17,48750567;720;FALSE
Partinico;2015-09-10 09:00:00;9;O3;56,8283331;80400000;08:48;37,5926229;08:48;81,35444415;4,58893491;720;FALSE
Partinico;2015-09-10 10:00:00;10;O3;60,943659;80400000;09:41;30,7548402;09:30;70,86984135;4,29043503;720;FALSE
Partinico;2015-09-10 11:00:00;11;O3;62,00190675;80400000;10:59;42,3790668;10:15;73,1491089;5,85988358;720;FALSE
Partinico;2015-09-10 12:00:00;12;O3;65,2983051;80400000;11:20;36,4529592;11:51;83,1778542;9,48512177;720;FALSE
Partinico;2015-09-10 13:00:00;13;O3;76,7854752;80400000;12:21;64,9437537;12:59;84,317478;3,36322088;720;FALSE
Partinico;2015-09-10 14:00:00;14;O3;78,7560963;80400000;13:12;70,86984135;13:02;84,7733355;2,52348548;720;FALSE
Partinico;2015-09-10 15:00:00;15;O3;79,63770675;80400000;14:45;71,7815364;14:15;88,8760131;2,9491686;720;FALSE
Partinico;2015-09-10 16:00:00;16;O3;77,9168796;80400000;16:00;69,95812635;15:19;86,8246743;3,66281801;720;FALSE
Partinico;2015-09-10 17:00:00;17;O3;71,829975;80400000;16:48;51,26816835;16:13;84,0895692;6,44636969;720;FALSE
Partinico;2015-09-10 18:00:00;18;O3;62,2140351;80400000;17:53;28,7035014;17:20;78,8472678;9,16959656;720;FALSE
Partinico;2015-09-10 19:00:00;19;O3;45,22148295;80400000;18:17;18,67475211;18:58;70,41398385;11,38633881;720;FALSE
Partinico;2015-09-10 20:00:00;20;O3;59,58528345;80400000;19:59;33,71787405;19:49;75,65628525;8,98155185;720;FALSE
Partinico;2015-09-10 21:00:00;21;O3;44,2480626;80400000;20:45;22,32155625;20:07;69,73021755;7,85968155;720;FALSE
Partinico;2015-09-10 22:00:00;22;O3;45,37629495;80400000;21:59;25,0566813;21:06;54,9150084;5,51793858;720;FALSE
Partinico;2015-09-10 23:00:00;23;O3;41,4699054;80400000;22:00;27,56385765;22:23;51,7240458;4,33897338;720;FALSE
Partinico;2015-09-11 00:00:00;0;O3;44,58711285;80400000;23:27;27,1080201;23:11;54,00331335;5,53594346;720;FALSE
Partinico;2015-09-11 00:00:00;0;O3;NA;NA;;NA;;NA;NA;NA;FALSE
Partinico;2015-09-11 01:00:00;1;O3;47,8448481;80400000;00:08;35,08540665;00:53;57,87804225;4,80793803;720;FALSE
Partinico;2015-09-11 01:00:00;1;O3;47,8448481;80400000;00:08;35,08540665;00:53;57,87804225;4,80793803;720;TRUE
Partinico;2015-09-11 02:00:00;2;O3;53,64684675;80400000;01:24;42,60699555;02:00;58,78975725;2,311008;720;FALSE
Partinico;2015-09-11 02:00:00;2;O3;53,64684675;80400000;01:24;42,60699555;02:00;58,78975725;2,311008;720;TRUE
Partinico;2015-09-11 03:00:00;3;O3;52,89880155;80400000;02:15;36,9088167;02:11;69,95812635;6,22163094;720;FALSE
Partinico;2015-09-11 03:00:00;3;O3;52,89880155;80400000;02:15;36,9088167;02:11;69,95812635;6,22163094;720;TRUE
Partinico;2015-09-11 04:00:00;4;O3;49,54480755;81400000;03:38;33,9458028;03:11;59,7014523;5,35522239;720;FALSE
Partinico;2015-09-11 04:00:00;4;O3;49,54480755;81400000;03:38;33,9458028;03:11;59,7014523;5,35522239;720;TRUE
Partinico;2015-09-11 05:00:00;5;O3;NA;NA;;NA;;NA;NA;NA;FALSE
Partinico;2015-09-11 05:00:00;5;O3;NA;NA;;NA;;NA;NA;NA;TRUE
Partinico;2015-09-11 06:00:00;6;O3;17,6539146;80400000;05:44;3,47426457;05:57;60,63517215;8,3675886;720;FALSE
Partinico;2015-09-11 06:00:00;6;O3;17,6539146;80400000;05:44;3,47426457;05:57;60,63517215;8,3675886;720;TRUE
Partinico;2015-09-11 07:00:00;7;O3;49,3677513;80400000;06:24;27,06446925;06:56;67,8937203;8,2030809;720;FALSE
Partinico;2015-09-11 07:00:00;7;O3;49,3677513;80400000;06:24;27,06446925;06:56;67,8937203;8,2030809;720;TRUE
Partinico;2015-09-11 08:00:00;8;O3;59,73259425;80400000;07:38;24,11569965;07:00;79,68881865;8,47167773;720;FALSE
Partinico;2015-09-11 08:00:00;8;O3;59,73259425;80400000;07:38;24,11569965;07:00;79,68881865;8,47167773;720;TRUE
Partinico;2015-09-11 09:00:00;9;O3;72,16124475;80400000;08:53;41,35469415;08:35;89,89611645;9,11242784;720;FALSE
Partinico;2015-09-11 09:00:00;9;O3;72,16124475;80400000;08:53;41,35469415;08:35;89,89611645;9,11242784;720;TRUE
Partinico;2015-09-11 10:00:00;10;O3;77,3745189;80400000;09:53;59,2742031;09:38;91,03027395;6,6039687;720;FALSE
Partinico;2015-09-11 10:00:00;10;O3;77,3745189;80400000;09:53;59,2742031;09:38;91,03027395;6,6039687;720;TRUE
Partinico;2015-09-11 11:00:00;11;O3;79,22158965;80400000;10:06;66,9863943;10:43;86,94734685;3,37723176;720;FALSE
Partinico;2015-09-11 11:00:00;11;O3;79,22158965;80400000;10:06;66,9863943;10:43;86,94734685;3,37723176;720;TRUE
Partinico;2015-09-11 12:00:00;12;O3;82,04311815;80400000;11:39;73,564428;11:29;91,483917;3,48551039;720;FALSE
Partinico;2015-09-11 12:00:00;12;O3;82,04311815;80400000;11:39;73,564428;11:29;91,483917;3,48551039;720;TRUE
Partinico;2015-09-11 13:00:00;13;O3;83,9103384;80400000;12:17;34,54982895;12:13;93,75221205;5,54340875;720;FALSE
Partinico;2015-09-11 13:00:00;13;O3;83,9103384;80400000;12:17;34,54982895;12:13;93,75221205;5,54340875;720;TRUE
Partinico;2015-09-11 14:00:00;14;O3;87,670674;80400000;13:13;70,16197545;13:23;97,60830765;5,06832743;720;FALSE
Partinico;2015-09-11 14:00:00;14;O3;87,670674;80400000;13:13;70,16197545;13:23;97,60830765;5,06832743;720;TRUE
Partinico;2015-09-11 15:00:00;15;O3;86,76743775;80400000;14:16;76,74004905;14:01;93,9790236;3,32948343;720;FALSE
Partinico;2015-09-11 15:00:00;15;O3;86,76743775;80400000;14:16;76,74004905;14:01;93,9790236;3,32948343;720;TRUE
Partinico;2015-09-11 16:00:00;16;O3;81,1232037;80400000;15:10;67,6668888;15:48;89,2156419;4,56806921;720;FALSE
Partinico;2015-09-11 16:00:00;16;O3;81,1232037;80400000;15:10;67,6668888;15:48;89,2156419;4,56806921;720;TRUE
Partinico;2015-09-11 17:00:00;17;O3;70,54916505;80400000;16:08;20,03277255;16:07;86,4936639;7,37628308;720;FALSE
Partinico;2015-09-11 17:00:00;17;O3;70,54916505;80400000;16:08;20,03277255;16:07;86,4936639;7,37628308;720;TRUE
Partinico;2015-09-11 18:00:00;18;O3;64,1560479;80400000;17:41;49,52054835;17:31;80,59610475;6,67800714;720;FALSE
Partinico;2015-09-11 18:00:00;18;O3;64,1560479;80400000;17:41;49,52054835;17:31;80,59610475;6,67800714;720;TRUE
Partinico;2015-09-11 19:00:00;19;O3;51,6914874;80400000;18:09;2,34011904;18:13;64,0375848;8,70695207;720;FALSE
Partinico;2015-09-11 19:00:00;19;O3;51,6914874;80400000;18:09;2,34011904;18:13;64,0375848;8,70695207;720;TRUE
Partinico;2015-09-11 20:00:00;20;O3;49,11352845;80400000;19:02;29,3327643;19:17;69,7083324;8,86025186;720;FALSE
Partinico;2015-09-11 20:00:00;20;O3;49,11352845;80400000;19:02;29,3327643;19:17;69,7083324;8,86025186;720;TRUE
Partinico;2015-09-11 21:00:00;21;O3;43,1910717;80400000;20:29;10,27913576;20:29;89,4424734;7,38399176;720;FALSE
Partinico;2015-09-11 21:00:00;21;O3;43,1910717;80400000;20:29;10,27913576;20:29;89,4424734;7,38399176;720;TRUE
Partinico;2015-09-11 22:00:00;22;O3;37,4129133;80400000;21:27;24,79619415;21:46;49,97421135;4,79235708;720;FALSE
Partinico;2015-09-11 22:00:00;22;O3;37,4129133;80400000;21:27;24,79619415;21:46;49,97421135;4,79235708;720;TRUE
Partinico;2015-09-11 23:00:00;23;O3;44,7032817;80400000;22:32;23,66203665;22:44;56,098602;6,18589251;720;FALSE
Partinico;2015-09-11 23:00:00;23;O3;44,7032817;80400000;22:32;23,66203665;22:44;56,098602;6,18589251;720;TRUE
Partinico;2015-09-12 00:00:00;0;O3;51,79732215;80400000;23:06;41,80835715;23:45;59,9546976;3,34731275;720;FALSE
Partinico;2015-09-12 00:00:00;0;O3;51,79732215;80400000;23:06;41,80835715;23:45;59,9546976;3,34731275;720;TRUE
Partinico;2015-09-12 00:00:00;0;O3;NA;NA;;NA;;NA;NA;NA;FALSE
Partinico;2015-09-12 01:00:00;1;O3;49,0214991;80400000;00:27;29,3327643;00:07;59,5010346;5,74714214;710;FALSE
Partinico;2015-09-12 01:00:00;1;O3;49,0214991;80400000;00:27;29,3327643;00:07;59,5010346;5,74714214;710;TRUE
Partinico;2015-09-12 02:00:00;2;O3;58,50267675;80400000;01:03;51,10832895;01:40;64,9449108;2,5630563;720;FALSE
Partinico;2015-09-12 02:00:00;2;O3;58,50267675;80400000;01:03;51,10832895;01:40;64,9449108;2,5630563;720;TRUE
Partinico;2015-09-12 03:00:00;3;O3;44,4698268;80400000;02:19;36,364461;02:05;59,04735165;5,44876794;720;FALSE
Partinico;2015-09-12 03:00:00;3;O3;44,4698268;80400000;02:19;36,364461;02:05;59,04735165;5,44876794;720;TRUE
Partinico;2015-09-12 04:00:00;4;O3;44,14123035;81400000;03:56;32,9620284;03:35;53,14981245;3,64311738;720;FALSE
Partinico;2015-09-12 04:00:00;4;O3;44,14123035;81400000;03:56;32,9620284;03:35;53,14981245;3,64311738;720;TRUE
Partinico;2015-09-12 05:00:00;5;O3;NA;NA;;NA;;NA;NA;NA;FALSE
Partinico;2015-09-12 05:00:00;5;O3;NA;NA;;NA;;NA;NA;NA;TRUE
Partinico;2015-09-12 06:00:00;6;O3;25,48538685;80400000;06:00;6,13181205;05:15;40,77183495;8,36494722;720;FALSE
Partinico;2015-09-12 06:00:00;6;O3;25,48538685;80400000;06:00;6,13181205;05:15;40,77183495;8,36494722;720;TRUE
Partinico;2015-09-12 07:00:00;7;O3;10,59545897;80400000;06:38;2,05651583;06:01;37,602159;7,136514;720;FALSE
Partinico;2015-09-12 07:00:00;7;O3;10,59545897;80400000;06:38;2,05651583;06:01;37,602159;7,136514;720;TRUE
Partinico;2015-09-12 08:00:00;8;O3;40,1517291;80400000;07:12;4,09416294;07:59;81,52481715;23,9498154;720;FALSE
Partinico;2015-09-12 08:00:00;8;O3;40,1517291;80400000;07:12;4,09416294;07:59;81,52481715;23,9498154;720;TRUE
Partinico;2015-09-12 09:00:00;9;O3;74,24837385;80400000;08:23;46,43196915;08:18;119,33449605;10,16710254;720;FALSE
Partinico;2015-09-12 09:00:00;9;O3;74,24837385;80400000;08:23;46,43196915;08:18;119,33449605;10,16710254;720;TRUE
Partinico;2015-09-12 10:00:00;10;O3;82,93165125;80400000;09:59;31,2628071;09:43;101,2220706;8,73672545;720;FALSE
Partinico;2015-09-12 10:00:00;10;O3;82,93165125;80400000;09:59;31,2628071;09:43;101,2220706;8,73672545;720;TRUE
Partinico;2015-09-12 11:00:00;11;O3;87,46070025;80400000;10:11;65,90283;10:44;100,76926545;6,5199792;720;FALSE
Partinico;2015-09-12 11:00:00;11;O3;87,46070025;80400000;10:11;65,90283;10:44;100,76926545;6,5199792;720;TRUE
Partinico;2015-09-12 12:00:00;12;O3;91,3416735;80400000;11:21;68,84611335;11:50;104,39174655;7,24554674;720;FALSE
Partinico;2015-09-12 12:00:00;12;O3;91,3416735;80400000;11:21;68,84611335;11:50;104,39174655;7,24554674;720;TRUE
Partinico;2015-09-12 13:00:00;13;O3;96,11157885;80400000;12:21;83,3360577;12:56;107,78783505;4,61658761;720;FALSE
Partinico;2015-09-12 13:00:00;13;O3;96,11157885;80400000;12:21;83,3360577;12:56;107,78783505;4,61658761;720;TRUE
Partinico;2015-09-12 14:00:00;14;O3;104,1845259;80400000;13:00;90,12821475;13:41;113,22157665;4,76876421;720;FALSE
Partinico;2015-09-12 14:00:00;14;O3;104,1845259;80400000;13:00;90,12821475;13:41;113,22157665;4,76876421;720;TRUE
Partinico;2015-09-12 15:00:00;15;O3;103,52384175;80400000;14:54;88,76977935;14:30;111,86314125;4,61256569;720;FALSE
Partinico;2015-09-12 15:00:00;15;O3;103,52384175;80400000;14:54;88,76977935;14:30;111,86314125;4,61256569;720;TRUE
Partinico;2015-09-12 16:00:00;16;O3;103,93389405;80400000;15:53;84,9208857;15:28;113,22157665;5,63620418;720;FALSE
Partinico;2015-09-12 16:00:00;16;O3;103,93389405;80400000;15:53;84,9208857;15:28;113,22157665;5,63620418;720;TRUE
Partinico;2015-09-12 17:00:00;17;O3;89,971308;80400000;16:22;64,99719975;16:08;104,6181591;8,09469455;720;FALSE
Partinico;2015-09-12 17:00:00;17;O3;89,971308;80400000;16:22;64,99719975;16:08;104,6181591;8,09469455;720;TRUE
Partinico;2015-09-12 18:00:00;18;O3;73,9122363;80400000;17:59;16,99927331;17:39;107,3350299;13,14347297;720;FALSE
Partinico;2015-09-12 18:00:00;18;O3;73,9122363;80400000;17:59;16,99927331;17:39;107,3350299;13,14347297;720;TRUE
Partinico;2015-09-12 19:00:00;19;O3;53,974725;80400000;18:43;25,14986775;18:04;82,88325255;13,45905204;720;FALSE
Partinico;2015-09-12 19:00:00;19;O3;53,974725;80400000;18:43;25,14986775;18:04;82,88325255;13,45905204;720;TRUE
Partinico;2015-09-12 20:00:00;20;O3;53,56972005;80400000;19:07;21,9801918;19:00;76,0910556;10,20046493;720;FALSE
Partinico;2015-09-12 20:00:00;20;O3;53,56972005;80400000;19:07;21,9801918;19:00;76,0910556;10,20046493;720;TRUE
Partinico;2015-09-12 21:00:00;21;O3;51,7317465;80400000;20:01;20,1689313;20:34;74,9590527;10,67782055;720;FALSE
Partinico;2015-09-12 21:00:00;21;O3;51,7317465;80400000;20:01;20,1689313;20:34;74,9590527;10,67782055;720;TRUE
Partinico;2015-09-12 22:00:00;22;O3;28,4877621;80400000;21:29;17,22567788;21:10;44,39431605;5,59228026;720;FALSE
Partinico;2015-09-12 22:00:00;22;O3;28,4877621;80400000;21:29;17,22567788;21:10;44,39431605;5,59228026;720;TRUE
Partinico;2015-09-12 23:00:00;23;O3;22,56442755;80400000;22:15;0,92448699;22:53;41,45105265;10,25758178;720;FALSE
Partinico;2015-09-12 23:00:00;23;O3;22,56442755;80400000;22:15;0,92448699;22:53;41,45105265;10,25758178;720;TRUE
Partinico;2015-09-13 00:00:00;0;O3;14,13555854;80400000;23:53;4,54697408;23:00;33,97965795;5,59398998;720;FALSE
Partinico;2015-09-13 00:00:00;0;O3;14,13555854;80400000;23:53;4,54697408;23:00;33,97965795;5,59398998;720;TRUE
Partinico;2015-09-13 01:00:00;1;O3;26,89349775;80400000;00:03;7,49024546;00:59;41,6774253;7,98165785;720;FALSE
Partinico;2015-09-13 02:00:00;2;O3;43,6990386;80400000;01:12;29,45156655;01:53;53,2241262;4,98898827;720;FALSE
Partinico;2015-09-13 03:00:00;3;O3;39,09926685;80400000;02:36;28,5459363;02:00;52,31849595;3,72423807;720;FALSE
Partinico;2015-09-13 04:00:00;4;O3;44,2402422;81400000;03:56;31,2628071;03:56;96,0147615;4,7042499;720;FALSE
Partinico;2015-09-13 05:00:00;5;O3;NA;NA;;NA;;NA;NA;NA;FALSE
Partinico;2015-09-13 06:00:00;6;O3;38,9910381;80400000;05:35;21,395577;05:08;50,55595335;5,27653161;720;FALSE
Partinico;2015-09-13 07:00:00;7;O3;36,00306675;80400000;06:57;15,74435447;06:41;50,78202675;6,06845484;720;FALSE
Partinico;2015-09-13 08:00:00;8;O3;55,7325195;80400000;07:05;30,43757535;07:52;68,41387665;8,8424405;720;FALSE
Partinico;2015-09-13 09:00:00;9;O3;63,87812445;80400000;08:21;48,9736191;08:37;79,942443;6,79694904;720;FALSE
Partinico;2015-09-13 10:00:00;10;O3;71,73495315;80400000;09:06;46,487091;09:44;80,1684765;5,62763964;720;FALSE
Partinico;2015-09-13 11:00:00;11;O3;76,62106725;80400000;10:38;43,0963491;10:31;84,46341225;4,17024227;720;FALSE
Partinico;2015-09-13 12:00:00;12;O3;82,6845306;80400000;11:06;72,2567454;11:29;90,3407022;3,88269693;720;FALSE
Partinico;2015-09-13 13:00:00;13;O3;84,57928185;80400000;12:54;79,0382292;12:30;91,244916;2,52951437;720;FALSE
Partinico;2015-09-13 14:00:00;14;O3;78,8586393;80400000;13:51;68,86598355;13:02;86,27179995;3,357188;720;FALSE
Partinico;2015-09-13 15:00:00;15;O3;66,69685995;80400000;14:21;52,1383275;14:43;78,5861223;6,35583858;720;FALSE
Partinico;2015-09-13 16:00:00;16;O3;68,5931673;80400000;15:27;61,6324128;15:59;75,4214139;2,57564076;720;FALSE
Partinico;2015-09-13 17:00:00;17;O3;64,31937855;80400000;16:05;0;16:05;80,84663685;6,73646463;720;FALSE
Partinico;2015-09-13 18:00:00;18;O3;60,98377845;80400000;17:55;29,0812746;17:39;70,44833775;6,92978412;720;FALSE
Partinico;2015-09-13 19:00:00;19;O3;46,34047845;80400000;18:55;24,78633885;18:20;65,70131505;9,70804107;720;FALSE
Partinico;2015-09-13 20:00:00;20;O3;35,570451;80400000;19:05;11,44941273;19:55;69,31809045;15,06633377;720;FALSE
Partinico;2015-09-13 21:00:00;21;O3;69,73911525;80400000;20:00;54,62487555;20:59;86,04576645;7,54216533;720;FALSE
Partinico;2015-09-13 22:00:00;22;O3;88,94956875;80400000;21:27;71,80461855;21:53;98,47848675;4,33955393;720;FALSE
Partinico;2015-09-13 23:00:00;23;O3;96,7127721;80400000;22:04;88,75836795;22:33;105,03393705;3,32462361;720;FALSE
Partinico;2015-09-14 00:00:00;0;O3;98,8709232;80400000;23:04;93,2793372;23:18;104,35579665;2,0537727;720;FALSE
