"NetC";"ARPA Sicilia";;;;;;;;;;;;;;;;;;;;;;;;;;;;;;;;;;;;;;;;;;;;;;;
"Stat";"Trapani";;;;;;;;;;;;;;;;;;;;;;;;;;;;;;;;;;;;;;;;;;;;;;;
"Parm";"SO2";"SO2";"SO2";"SO2";"SO2";"SO2";"SO2";"SO2";"NO2";"NO2";"NO2";"NO2";"NO2";"NO2";"NO2";"NO2";"CO";"CO";"CO";"CO";"CO";"CO";"CO";"CO";"O3";"O3";"O3";"O3";"O3";"O3";"O3";"O3";"Benzene";"Benzene";"Benzene";"Benzene";"Benzene";"Benzene";"Benzene";"Benzene";"PM10";"PM10";"PM10";"PM10";"PM10";"PM10";"PM10";"PM10"
"PtId";"1";"1";"1";"1";"1";"1";"1";"1";"4";"4";"4";"4";"4";"4";"4";"4";"5";"5";"5";"5";"5";"5";"5";"5";"6";"6";"6";"6";"6";"6";"6";"6";"7";"7";"7";"7";"7";"7";"7";"7";"12";"12";"12";"12";"12";"12";"12";"12"
"Unit";"ug/m3 293K";;;"ug/m3 293K";;"ug/m3 293K";"ug/m3 293K";;"ug/m3 293K";;;"ug/m3 293K";;"ug/m3 293K";"ug/m3 293K";;"mg/m3 293K";;;"mg/m3 293K";;"mg/m3 293K";"mg/m3 293K";;"ug/m3 293K";;;"ug/m3 293K";;"ug/m3 293K";"ug/m3 293K";;"ug/m3 293K";;;"ug/m3 293K";;"ug/m3 293K";"ug/m3 293K";;"ug/m3";;;"ug/m3";;"ug/m3";"ug/m3";
"Field";"Aver";"SWrd";"MinT";"Min";"MaxT";"Max";"Sigma";"Samp";"Aver";"SWrd";"MinT";"Min";"MaxT";"Max";"Sigma";"Samp";"Aver";"SWrd";"MinT";"Min";"MaxT";"Max";"Sigma";"Samp";"Aver";"SWrd";"MinT";"Min";"MaxT";"Max";"Sigma";"Samp";"Aver";"SWrd";"MinT";"Min";"MaxT";"Max";"Sigma";"Samp";"Aver";"SWrd";"MinT";"Min";"MaxT";"Max";"Sigma";"Samp"
"03/09/2015 00:00";;;;;;;;;;;;;;;;;;;;;;;;;;;;;;;;;;;;;;;;;;;;;;;;
"03/09/2015 01:00";;;;;;;;;"9.11312354";"80400000";"00:47";"5.73091217";"00:02";"11.50189221";"0.97212198";"720";"0.22745749";"80400000";"00:48";"0.1846573";"00:59";"0.2641105";"0.01629827";"720";"84.10662645";"80400000";"00:14";"74.7878418";"00:43";"88.9455588";"3.66688781";"720";"0.48534291";"80400000";"00:53";"0.39389529";"00:23";"0.56276";"0.06722675";"4";"25.0";"80000000";"04:06";"25.0";"04:06";"25.0";"0.0";"1"
"03/09/2015 02:00";"0.00008238";"80400000";"02:00";"0.0";"01:55";"0.05862293";"0.00218553";"718";;;;;;;;;"0.22254722";"80400000";"01:33";"0.16700064";"01:01";"0.26705386";"0.01825";"718";"82.03158705";"80400000";"01:59";"72.3468396";"01:06";"88.45736235";"4.70805038";"718";;;;;;;;;"25.0";"80000000";"04:06";"25.0";"04:06";"25.0";"0.0";"1"
"03/09/2015 03:00";"0.00040782";"80400000";"03:00";"0.0";"02:51";"0.05862293";"0.00486736";"720";"8.90658547";"80400000";"02:32";"6.11458938";"02:14";"11.37617056";"0.85591636";"720";"0.20990712";"81400000";"02:47";"0.17288619";"02:06";"0.24645384";"0.01464088";"720";"74.91801555";"80400000";"03:00";"69.17353275";"02:38";"79.91389455";"2.39415362";"720";;;;;;;;;"25.0";"80000000";"04:06";"25.0";"04:06";"25.0";"0.0";"1"
"03/09/2015 04:00";"0.0002451";"80400000";"04:00";"0.0";"03:45";"0.05862293";"0.0037751";"720";"12.02435194";"80400000";"03:44";"7.17488325";"03:10";"17.6980456";"1.84354658";"720";;;;;;;;;"43.9984881";"81400000";"03:29";"34.99970145";"03:00";"68.441268";"5.58283593";"720";"0.6725838";"80400000";"03:08";"0.35769212";"03:53";"1.08574005";"0.26223447";"4";"25.0";"80000000";"04:06";"25.0";"04:06";"25.0";"0.0";"1"
"03/09/2015 05:00";"0.00016272";"80400000";"05:00";"0.0";"04:38";"0.05862293";"0.00308558";"720";"12.18268466";"80400000";"04:05";"8.60985837";"04:14";"18.17637064";"1.60369191";"720";"0.2036443";"80400000";"04:48";"0.13411093";"04:17";"0.24876882";"0.01858755";"720";;;;;;;;;"0.54702905";"80400000";"04:38";"0.50566155";"04:23";"0.59481381";"0.03511904";"4";"25.0";"80000000";"04:06";"25.0";"04:06";"25.0";"0.0";"1"
"03/09/2015 06:00";"0.00016272";"80400000";"06:00";"0.0";"05:33";"0.05862293";"0.00308558";"720";"15.91215156";"80400000";"05:01";"8.13153524";"05:30";"27.2645464";"4.43981887";"720";"0.19717592";"80400000";"05:16";"0.1429305";"05:52";"0.23994808";"0.01744408";"720";"54.14998575";"80400000";"05:26";"39.85437435";"05:20";"65.50648335";"6.02018382";"720";"0.44047897";"80400000";"05:23";"0.34455655";"05:53";"0.52073451";"0.06418084";"4";"25.0";"80000000";"04:06";"25.0";"04:06";"25.0";"0.0";"1"
"03/09/2015 07:00";"0.07185817";"80400000";"07:00";"0.0";"06:56";"1.01790818";"0.19078717";"720";"37.36981056";"80400000";"06:01";"16.26306857";"06:36";"54.5290928";"11.0599009";"720";"0.27004978";"80400000";"06:04";"0.18408965";"06:36";"0.37518613";"0.04284808";"720";"33.96288";"80400000";"06:50";"15.42382779";"06:11";"54.02410125";"11.58714953";"720";"0.98488314";"80400000";"06:08";"0.7658427";"06:53";"1.23206804";"0.17514672";"4";"25.0";"80000000";"04:06";"25.0";"04:06";"25.0";"0.0";"1"
"03/09/2015 08:00";"0.01751884";"80400000";"08:00";"0.0";"07:26";"0.69814609";"0.09027502";"720";"24.5525656";"80400000";"07:47";"13.87144146";"07:00";"34.91774704";"5.79913615";"720";"0.24972424";"80400000";"07:58";"0.16350949";"07:26";"0.37224627";"0.0369929";"720";"56.95950435";"80400000";"07:03";"26.66187825";"07:58";"76.25590245";"13.91451852";"720";"1.17853825";"80400000";"07:53";"0.63725118";"07:38";"1.42663438";"0.31555985";"4";"25.0";"80000000";"04:06";"25.0";"04:06";"25.0";"0.0";"1"
"03/09/2015 09:00";"0.00834143";"80400000";"09:00";"0.0";"08:20";"0.69814609";"0.05480816";"720";"10.50021644";"80400000";"08:47";"4.67961426";"08:00";"17.6980456";"2.8455665";"720";"0.1854819";"80400000";"08:56";"0.13411093";"08:24";"0.23994808";"0.02085464";"720";"82.5651099";"80400000";"08:03";"70.6368852";"08:33";"91.64716785";"5.07870542";"720";"0.45312842";"80400000";"08:53";"0.2041597";"08:08";"0.64028083";"0.15822079";"4";"25.0";"80000000";"04:06";"25.0";"04:06";"25.0";"0.0";"1"
"03/09/2015 10:00";"0.00008238";"80400000";"10:00";"0.0";"09:10";"0.05862293";"0.0021835";"720";"9.8686599";"80400000";"09:09";"6.11458938";"09:35";"13.76779958";"1.41680921";"720";"0.18143128";"80400000";"09:02";"0.13705078";"09:46";"0.23406837";"0.01920893";"720";"85.62538005";"80400000";"09:46";"77.2331532";"09:31";"91.64716785";"2.90915888";"720";"0.32601562";"80400000";"09:08";"0.180009";"09:53";"0.45491936";"0.10573546";"4";"25.0";"80000000";"04:06";"25.0";"04:06";"25.0";"0.0";"1"
"03/09/2015 11:00";"0.00016272";"80400000";"11:00";"0.0";"10:49";"0.05862293";"0.00308558";"720";"11.78688919";"80400000";"10:36";"7.54956642";"10:09";"17.11607678";"2.45525656";"720";"0.18794054";"80400000";"10:57";"0.15175006";"10:17";"0.22818866";"0.01482309";"720";"84.30002175";"80400000";"10:07";"76.9888455";"10:11";"89.44843845";"2.02916438";"720";"0.37513977";"80400000";"10:08";"0.13267884";"10:53";"0.50843593";"0.15253678";"4";"25.0";"80000000";"04:06";"25.0";"04:06";"25.0";"0.0";"1"
"03/09/2015 12:00";"0.0";"80400000";"12:00";"0.0";"12:00";"0.0";"0.0";"720";"7.69924351";"80400000";"11:54";"3.72296227";"11:09";"11.00148739";"1.19959645";"720";"0.16947096";"80400000";"11:14";"0.11647062";"11:41";"0.21054952";"0.01715208";"720";"84.2239923";"80400000";"11:25";"80.1648057";"11:54";"87.73828455";"1.58953221";"720";"0.28002892";"80400000";"11:38";"0.1546979";"11:23";"0.35405533";"0.0750068";"4";"25.0";"80000000";"04:06";"25.0";"04:06";"25.0";"0.0";"1"
"03/09/2015 13:00";"0.0";"80400000";"13:00";"0.0";"13:00";"0.0";"0.0";"720";"7.64656026";"80400000";"12:47";"4.20128731";"12:10";"10.89784552";"1.24558578";"720";"0.15716491";"80400000";"12:26";"0.10177134";"12:04";"0.23700822";"0.0260172";"720";"93.7448106";"80400000";"12:05";"80.4091134";"12:40";"104.8396839";"6.86660247";"720";"0.15708887";"80400000";"12:38";"0.07038352";"12:23";"0.22211585";"0.05872667";"4";"25.0";"80000000";"04:06";"25.0";"04:06";"25.0";"0.0";"1"
"03/09/2015 14:00";"0.0";"80400000";"14:00";"0.0";"14:00";"0.0";"0.0";"720";"5.72130054";"80400000";"13:48";"2.76631219";"13:27";"8.50621841";"1.08509059";"720";"0.13526958";"80400000";"13:50";"0.09589163";"13:18";"0.17527008";"0.01694418";"720";"92.7747219";"80400000";"13:48";"87.0053814";"13:10";"98.976339";"3.05022333";"720";"0.0991636";"80400000";"13:38";"0.07959042";"13:23";"0.11495253";"0.01451157";"4";"25.0";"80000000";"04:06";"25.0";"04:06";"25.0";"0.0";"1"
"03/09/2015 15:00";"0.0";"80400000";"15:00";"0.0";"15:00";"0.0";"0.0";"720";"6.04749157";"80400000";"14:56";"3.24463723";"14:34";"9.46286849";"1.1258487";"720";"0.1215339";"80400000";"14:51";"0.06943176";"14:12";"0.16644934";"0.01831658";"720";"85.037673";"80400000";"14:59";"80.8977288";"14:04";"90.18132165";"1.82677562";"720";"0.1120073";"80400000";"14:08";"0.04769323";"14:38";"0.14686599";"0.03912196";"4";"25.0";"80000000";"04:06";"25.0";"04:06";"25.0";"0.0";"1"
"03/09/2015 16:00";"0.0";"80400000";"16:00";"0.0";"16:00";"0.0";"0.0";"720";"5.07703302";"80400000";"15:29";"2.76631219";"15:39";"8.50621841";"0.75125157";"720";"0.10485837";"80400000";"15:14";"0.0664919";"15:51";"0.15762978";"0.01504851";"720";"85.08110415";"80400000";"15:01";"80.1648057";"15:53";"87.98259225";"1.37788865";"720";"0.09442337";"80400000";"15:23";"0.04930925";"15:53";"0.13232289";"0.03150158";"4";"25.0";"80000000";"04:06";"25.0";"04:06";"25.0";"0.0";"1"
"03/09/2015 17:00";"0.0";"80400000";"17:00";"0.0";"17:00";"0.0";"0.0";"720";"9.21483811";"80400000";"16:19";"3.24463723";"16:44";"13.76779958";"1.93633402";"720";"0.10455235";"80400000";"16:23";"0.04297189";"16:43";"0.13999064";"0.0178447";"720";"81.87358305";"80400000";"16:57";"75.2786916";"16:15";"88.22689995";"3.17595222";"720";"0.16428415";"80400000";"16:08";"0.11086215";"16:38";"0.19425107";"0.03287046";"4";"25.0";"80000000";"04:06";"25.0";"04:06";"25.0";"0.0";"1"
"03/09/2015 18:00";"0.0";"80400000";"18:00";"0.0";"18:00";"0.0";"0.0";"720";"12.7912169";"80400000";"17:37";"10.41952048";"17:53";"15.68110166";"0.9683324";"720";"0.14627098";"80400000";"17:03";"0.08413104";"17:52";"0.19584907";"0.02165822";"720";"81.45387495";"80400000";"17:52";"77.2331532";"17:57";"85.05089985";"1.65837567";"720";"0.3206662";"80400000";"17:23";"0.12383195";"17:38";"0.65150952";"0.19842077";"4";"25.0";"80000000";"04:06";"25.0";"04:06";"25.0";"0.0";"1"
"03/09/2015 19:00";"0.00133939";"80400000";"19:00";"0.0";"18:23";"0.37838502";"0.01564451";"720";"11.84050167";"80400000";"18:32";"8.02789146";"18:44";"15.78474162";"1.54390367";"720";"0.15416315";"80400000";"18:23";"0.10177134";"18:07";"0.21054952";"0.01986418";"720";"79.6018965";"80400000";"18:40";"73.5685377";"18:57";"84.56232435";"2.59403666";"720";"0.33554796";"80400000";"18:08";"0.18121923";"18:53";"0.51121641";"0.11759978";"4";"25.0";"80000000";"04:06";"25.0";"04:06";"25.0";"0.0";"1"
"03/09/2015 20:00";"0.00676508";"80400000";"20:00";"0.0";"19:27";"0.69814609";"0.04633859";"720";"16.39165822";"80400000";"19:03";"7.54956642";"19:39";"24.76927168";"4.18702379";"720";"0.18077837";"80400000";"19:05";"0.13411093";"19:20";"0.23406837";"0.02260197";"720";"74.7480216";"80400000";"19:36";"63.307734";"19:00";"84.073689";"4.87973609";"720";"0.58485636";"80400000";"19:23";"0.51483693";"19:38";"0.64831716";"0.05962874";"4";"25.0";"80000000";"04:06";"25.0";"04:06";"25.0";"0.0";"1"
"03/09/2015 21:00";"0.0680373";"80400000";"21:00";"0.0";"20:39";"1.01790818";"0.17067497";"720";"11.67811551";"80400000";"20:34";"6.11458938";"20:11";"16.1594267";"2.24352359";"720";"0.17607016";"80400000";"20:32";"0.11647062";"20:50";"0.21642923";"0.02179138";"720";"78.8028192";"80400000";"21:00";"71.8584237";"20:37";"84.073689";"2.9920611";"720";"0.53367278";"80400000";"20:38";"0.398664";"20:08";"0.82564026";"0.17250252";"4";"25.0";"80000000";"04:06";"25.0";"04:06";"25.0";"0.0";"1"
"03/09/2015 22:00";"0.01071613";"80400000";"22:00";"0.0";"21:53";"0.69814609";"0.06751558";"720";"9.9116646";"80400000";"22:00";"6.59291634";"21:54";"13.28947263";"1.08871192";"720";"0.14114579";"80400000";"21:36";"0.10765106";"21:51";"0.18114979";"0.01303254";"720";"69.25859955";"80400000";"21:49";"63.307734";"21:07";"76.25590245";"2.89358591";"720";"0.36789873";"80400000";"21:23";"0.19049834";"21:08";"0.4994365";"0.11610174";"4";"25.0";"80000000";"04:06";"25.0";"04:06";"25.0";"0.0";"1"
"03/09/2015 23:00";"0.01581028";"80400000";"23:00";"0.0";"22:23";"0.69814609";"0.08844341";"720";"7.74563628";"80400000";"22:48";"4.20128731";"22:11";"11.00148739";"0.93484754";"720";"0.12743464";"80400000";"22:48";"0.06943176";"22:51";"0.16644934";"0.01541059";"720";"77.7980973";"80400000";"22:01";"70.3925775";"22:59";"84.80659215";"3.39739124";"720";"0.24565635";"80400000";"22:53";"0.14116265";"22:08";"0.30621972";"0.06484901";"4";"25.0";"80000000";"04:06";"25.0";"04:06";"25.0";"0.0";"1"
"04/09/2015 00:00";"0.00270827";"81400000";"00:00";"0.0";"23:58";"1.01790818";"0.04293774";"720";"7.04353841";"80400000";"23:59";"4.67961426";"23:38";"10.52316235";"0.90445439";"720";"0.12772781";"80400000";"23:43";"0.08413104";"23:20";"0.16350949";"0.01614176";"720";"80.4396369";"80400000";"23:52";"73.81286535";"23:23";"84.31801665";"2.01723627";"720";"0.12989226";"80400000";"23:38";"0.10660499";"23:08";"0.16516995";"0.02164583";"4";"25.0";"80000000";"04:06";"25.0";"04:06";"25.0";"0.0";"1"
"04/09/2015 01:00";;;;;;;;;"6.08313316";"80400000";"00:59";"3.24463723";"00:09";"8.98454345";"0.94820286";"720";"0.12861432";"80400000";"00:40";"0.0870709";"00:43";"0.17233022";"0.01641157";"720";"81.97708365";"80400000";"00:06";"76.01159475";"00:45";"85.7838429";"2.12070096";"720";"0.18774329";"80400000";"00:53";"0.0929599";"00:23";"0.2697023";"0.06452153";"4";"30.5";"80000000";"04:06";"30.5";"04:06";"30.5";"0.0";"1"
"04/09/2015 02:00";"0.0125508";"80400000";"01:59";"0.0";"01:59";"0.97585116";"0.07422575";"720";;;;;;;;;"0.13865912";"80400000";"01:25";"0.10765106";"01:36";"0.17820994";"0.01542578";"720";"81.71378355";"80400000";"01:48";"78.6989595";"01:06";"84.56232435";"1.16467502";"720";"0.16297425";"80400000";"01:23";"0.13068043";"01:08";"0.23957672";"0.04460765";"4";"30.5";"80000000";"04:06";"30.5";"04:06";"30.5";"0.0";"1"
"04/09/2015 03:00";"0.05524446";"80400000";"02:59";"0.0";"02:51";"0.65763898";"0.1392273";"720";"5.1879883";"80400000";"02:47";"2.30156618";"02:59";"7.09650846";"0.70574214";"720";"0.13514811";"81400000";"02:47";"0.10177134";"02:50";"0.17233022";"0.01391672";"720";"80.9313246";"80400000";"02:59";"77.2331532";"02:40";"83.5850736";"1.18021407";"720";"0.12678736";"80400000";"02:38";"0.08341536";"02:23";"0.18891792";"0.03877211";"4";"30.5";"80000000";"04:06";"30.5";"04:06";"30.5";"0.0";"1"
"04/09/2015 04:00";"0.03618079";"80400000";"04:00";"0.0";"03:52";"0.65763898";"0.1058158";"720";"6.36901158";"80400000";"03:27";"3.74004982";"03:58";"9.49398055";"1.12843946";"720";;;;;;;;;"78.0610782";"81400000";"03:57";"72.1027314";"03:13";"81.6306519";"2.07688677";"720";"0.15867539";"80400000";"03:08";"0.13988428";"03:38";"0.19377511";"0.02078951";"4";"30.5";"80000000";"04:06";"30.5";"04:06";"30.5";"0.0";"1"
"04/09/2015 05:00";"0.01741307";"80400000";"05:00";"0.0";"04:55";"0.65763898";"0.07920193";"720";"7.41830379";"80400000";"04:36";"4.69903827";"04:50";"9.49398055";"0.82988639";"720";"0.15014406";"80400000";"04:29";"0.09877893";"04:05";"0.18968904";"0.01636018";"720";;;;;;;;;"0.1370916";"80400000";"04:23";"0.08422387";"04:08";"0.22126971";"0.05316368";"4";"30.5";"80000000";"04:06";"30.5";"04:06";"30.5";"0.0";"1"
"04/09/2015 06:00";"0.0023269";"80400000";"06:00";"0.0";"05:52";"0.3394268";"0.02222654";"720";"8.71014086";"80400000";"05:18";"5.65802673";"05:39";"11.02836629";"0.84743282";"720";"0.14318395";"80400000";"05:29";"0.11050915";"05:52";"0.18382451";"0.01536621";"720";"68.1019983";"80400000";"05:35";"64.6464189";"05:21";"71.42708475";"1.24393238";"720";"0.16226337";"80400000";"05:23";"0.10282582";"05:53";"0.23662132";"0.04932247";"4";"30.5";"80000000";"04:06";"30.5";"04:06";"30.5";"0.0";"1"
"04/09/2015 07:00";"0.00444938";"80400000";"07:00";"0.0";"06:52";"1.29406538";"0.06509512";"720";"11.48348347";"80400000";"06:25";"6.13752";"06:50";"16.68639493";"2.80351971";"720";"0.17245637";"80400000";"06:22";"0.12517222";"06:52";"0.21315066";"0.01692432";"720";"61.46561085";"80400000";"06:50";"55.20190935";"06:00";"67.79458875";"3.36043187";"720";"0.2328452";"80400000";"06:08";"0.20187247";"06:53";"0.29302821";"0.0362408";"4";"30.5";"80000000";"04:06";"30.5";"04:06";"30.5";"0.0";"1"
"04/09/2015 08:00";"0.33580323";"80400000";"07:59";"0.0";"07:52";"4.15797704";"0.79573538";"720";"16.23194503";"80400000";"07:06";"9.11038938";"07:41";"49.38789688";"7.02872041";"720";"0.25031291";"80400000";"07:09";"0.14863267";"07:39";"0.55332949";"0.10214627";"720";"57.92528385";"80400000";"07:42";"49.1477427";"07:49";"66.0994173";"3.46345766";"720";"2.06156273";"80400000";"07:23";"0.16420685";"07:53";"7.550148";"3.16920083";"4";"30.5";"80000000";"04:06";"30.5";"04:06";"30.5";"0.0";"1"
"04/09/2015 09:00";"0.02533957";"80400000";"09:00";"0.0";"08:30";"0.97585116";"0.11484981";"720";"9.52288426";"80400000";"08:49";"6.13752";"08:00";"14.86432202";"1.17186098";"720";"0.18078187";"80400000";"08:52";"0.113442";"08:05";"0.21608234";"0.01670941";"720";"62.973771";"80400000";"08:24";"56.1705816";"08:42";"67.79458875";"2.69706644";"720";"2.0875359";"80400000";"08:53";"0.31501168";"08:08";"6.65727386";"2.64594212";"4";"30.5";"80000000";"04:06";"30.5";"04:06";"30.5";"0.0";"1"
"04/09/2015 10:00";"0.00005899";"80400000";"10:00";"0.0";"09:58";"0.02121462";"0.00111565";"720";"7.74422522";"80400000";"09:26";"5.17853154";"09:58";"9.49398055";"0.71351634";"720";"0.16187078";"80400000";"09:15";"0.11050915";"09:29";"0.21021781";"0.01816707";"720";"71.44356345";"80400000";"09:12";"64.88859195";"09:50";"80.3872482";"3.68250467";"720";"0.25618433";"80400000";"09:23";"0.23919738";"09:53";"0.28842527";"0.01906672";"4";"30.5";"80000000";"04:06";"30.5";"04:06";"30.5";"0.0";"1"
"04/09/2015 11:00";"0.0";"80400000";"11:00";"0.0";"11:00";"0.0";"0.0";"720";"7.49821966";"80400000";"10:56";"4.69903827";"10:49";"9.97347382";"0.8286761";"720";"0.14925288";"80400000";"10:31";"0.11050915";"10:28";"0.20728496";"0.01743123";"720";"82.3249119";"80400000";"10:00";"75.54392685";"10:58";"88.3787394";"2.96910464";"720";"0.23186481";"80400000";"10:53";"0.11819676";"10:08";"0.29296007";"0.06765186";"4";"30.5";"80000000";"04:06";"30.5";"04:06";"30.5";"0.0";"1"
"04/09/2015 12:00";"0.0";"80400000";"12:00";"0.0";"12:00";"0.0";"0.0";"720";"7.78791251";"80400000";"11:26";"5.17853154";"11:16";"10.45296901";"1.17969826";"720";"0.16079973";"80400000";"11:13";"0.10757747";"11:56";"0.22488088";"0.02275264";"720";"85.01195745";"80400000";"11:59";"78.2077506";"11:13";"91.52690925";"2.27380125";"720";"0.17587591";"80400000";"11:38";"0.12401705";"11:08";"0.20797142";"0.03375321";"4";"30.5";"80000000";"04:06";"30.5";"04:06";"30.5";"0.0";"1"
"04/09/2015 13:00";"0.0";"80400000";"13:00";"0.0";"13:00";"0.0";"0.0";"720";"9.69217082";"80400000";"12:52";"5.17853154";"12:28";"12.8504411";"1.39444646";"720";"0.1671081";"80400000";"12:49";"0.07825133";"12:13";"0.22781256";"0.03044042";"720";"83.5465302";"80400000";"12:22";"76.99692525";"12:49";"90.3160839";"3.24082364";"720";"0.22125038";"80400000";"12:53";"0.12410756";"12:23";"0.34625697";"0.07978162";"4";"30.5";"80000000";"04:06";"30.5";"04:06";"30.5";"0.0";"1"
"04/09/2015 14:00";"0.00002949";"80400000";"14:00";"0.0";"13:34";"0.02121462";"0.00079123";"720";"9.87757555";"80400000";"13:29";"5.65802673";"13:50";"14.28892283";"1.99862507";"720";"0.21022949";"80400000";"13:59";"0.08411586";"13:48";"0.38617234";"0.08373859";"720";"88.7030067";"80400000";"13:58";"81.11376735";"13:37";"99.7606134";"4.3445534";"720";"0.38839942";"80400000";"13:08";"0.17656035";"13:53";"0.9030543";"0.29920547";"4";"30.5";"80000000";"04:06";"30.5";"04:06";"30.5";"0.0";"1"
"04/09/2015 15:00";"0.00630438";"80400000";"15:00";"0.0";"14:32";"0.65763898";"0.04802884";"720";"7.10716403";"80400000";"14:31";"3.26055463";"14:59";"11.41195746";"1.1536205";"720";"0.1438357";"80400000";"14:29";"0.08411586";"14:04";"0.23367826";"0.03446534";"720";"86.7955872";"80400000";"14:59";"76.2704061";"14:34";"93.70644675";"2.86643196";"720";"0.51624446";"80400000";"14:23";"0.14265866";"14:08";"0.93662547";"0.28236191";"4";"30.5";"80000000";"04:06";"30.5";"04:06";"30.5";"0.0";"1"
"04/09/2015 16:00";"0.00097225";"80400000";"16:00";"0.0";"15:43";"0.65763898";"0.02451377";"720";"12.3660187";"80400000";"15:30";"3.26055463";"15:45";"20.52233728";"3.99926922";"720";"0.17257901";"80400000";"15:23";"0.09877893";"15:46";"0.2630044";"0.03536821";"720";"82.56943905";"80400000";"15:40";"69.73189335";"15:29";"94.91725215";"6.05436017";"720";"0.25242042";"80400000";"15:08";"0.17148959";"15:53";"0.38566064";"0.08674095";"4";"30.5";"80000000";"04:06";"30.5";"04:06";"30.5";"0.0";"1"
"04/09/2015 17:00";"0.0";"80400000";"17:00";"0.0";"17:00";"0.0";"0.0";"720";"9.49797663";"80400000";"16:21";"5.65802673";"16:57";"14.28892283";"1.71994725";"720";"0.19886134";"80400000";"16:05";"0.15156552";"16:20";"0.25420586";"0.01885619";"720";"92.73037305";"80400000";"16:56";"88.1365863";"16:21";"96.1280775";"1.51340501";"720";"0.44478088";"80400000";"16:38";"0.37981187";"16:08";"0.51855406";"0.06165054";"4";"30.5";"80000000";"04:06";"30.5";"04:06";"30.5";"0.0";"1"
"04/09/2015 18:00";"0.00005899";"80400000";"18:00";"0.0";"17:47";"0.02121462";"0.00111565";"720";"10.16620342";"80400000";"17:31";"5.17853154";"17:57";"15.72740647";"2.11729718";"720";"0.18184475";"80400000";"17:27";"0.09584725";"17:18";"0.25127418";"0.02851672";"720";"90.41126535";"80400000";"17:56";"80.1450951";"17:27";"98.307615";"3.45723525";"720";"0.40699832";"80400000";"17:53";"0.29222681";"17:08";"0.53009701";"0.0870074";"4";"30.5";"80000000";"04:06";"30.5";"04:06";"30.5";"0.0";"1"
"04/09/2015 19:00";"0.0";"80400000";"19:00";"0.0";"19:00";"0.0";"0.0";"720";"12.65398119";"80400000";"18:28";"8.05549691";"18:59";"16.20689974";"1.57274619";"720";"0.19619363";"80400000";"18:23";"0.12224054";"18:14";"0.24540848";"0.02488774";"720";"76.13923485";"80400000";"18:56";"67.55239575";"18:00";"87.16791405";"4.072595";"720";"0.5010159";"80400000";"18:08";"0.4223723";"18:53";"0.5758732";"0.06318113";"4";"30.5";"80000000";"04:06";"30.5";"04:06";"30.5";"0.0";"1"
"04/09/2015 20:00";"0.00907367";"80400000";"20:00";"0.0";"19:53";"0.65763898";"0.06152545";"720";"14.67744506";"80400000";"19:53";"8.5349921";"19:13";"21.96083048";"3.4319291";"720";"0.20015315";"80400000";"19:37";"0.1398353";"19:13";"0.27180178";"0.02396035";"720";"67.23187905";"80400000";"19:13";"59.5609245";"19:42";"72.8801031";"3.01594923";"720";"0.5103723";"80400000";"19:08";"0.24965011";"19:23";"0.62069951";"0.15145367";"4";"30.5";"80000000";"04:06";"30.5";"04:06";"30.5";"0.0";"1"
"04/09/2015 21:00";"0.04030778";"80400000";"20:59";"0.0";"20:54";"0.65763898";"0.11225138";"720";"14.80011706";"80400000";"20:08";"9.97347382";"20:17";"21.96083048";"3.08358374";"720";"0.1709368";"80400000";"20:44";"0.12810507";"20:15";"0.21608234";"0.01938179";"720";"63.86272305";"80400000";"20:14";"52.5380856";"20:36";"68.763261";"3.3429018";"720";"0.41480379";"80400000";"20:23";"0.31223426";"20:38";"0.50417572";"0.07343655";"4";"30.5";"80000000";"04:06";"30.5";"04:06";"30.5";"0.0";"1"
"04/09/2015 22:00";"0.1189473";"80400000";"22:00";"0.0";"21:55";"2.24870192";"0.33567814";"720";"9.55245142";"80400000";"21:31";"5.17853154";"21:09";"12.8504411";"1.63138341";"720";"0.14784661";"80400000";"21:51";"0.08411586";"21:05";"0.20728496";"0.02356907";"720";"62.95595565";"80400000";"21:38";"58.1079261";"21:15";"67.79458875";"2.22313623";"720";"0.36566032";"80400000";"21:53";"0.25324826";"21:23";"0.49560851";"0.10018467";"4";"30.5";"80000000";"04:06";"30.5";"04:06";"30.5";"0.0";"1"
"04/09/2015 23:00";"0.23247095";"80400000";"22:54";"0.0";"22:37";"2.24870192";"0.36825367";"720";"7.47624122";"80400000";"22:21";"5.17853154";"22:48";"10.06937783";"0.69935798";"720";"0.11587845";"80400000";"22:44";"0.05772256";"22:25";"0.16622859";"0.01874523";"720";"76.8045474";"80400000";"22:01";"62.4669213";"22:44";"85.23060945";"6.10130651";"720";"0.18014935";"80400000";"22:53";"0.10051621";"22:23";"0.2979149";"0.07746591";"4";"30.5";"80000000";"04:06";"30.5";"04:06";"30.5";"0.0";"1"
"05/09/2015 00:00";"0.4043948";"81400000";"23:59";"0.0";"23:49";"1.61227756";"0.36057227";"720";"7.45879422";"80400000";"23:52";"4.21954309";"23:18";"9.49398055";"0.70962542";"720";"0.11556776";"80400000";"23:56";"0.08411586";"23:11";"0.14863267";"0.01264594";"720";"85.45325145";"80400000";"23:16";"80.6294013";"23:44";"89.8317777";"1.80262415";"720";"0.10287158";"80400000";"23:38";"0.04813766";"23:23";"0.16189318";"0.04701896";"4";"30.5";"80000000";"04:06";"30.5";"04:06";"30.5";"0.0";"1"
